2,Rome ,Italy,INGEGNERIA,PRJ020,EVT+30Y,Engineering Design Records,,,2141,Refinery Expansion - 2005 Specs,Servizio: INGEGNERIA - Settori: Segreteria Tecnica - Cognome: Api - Tipo Doc: Disegni - Da num: UNITA OFF - A num: UNITA 47 - Note: DIS.A 4,Project and Warranty Closed,2008-12-31,10950,2038-12-24,Confidential,,,PLANET,PLANET,,,ND
2,Rome ,Italy,INGEGNERIA,PRJ010,EVT+10Y,Engineering Administration,,,2141,Refinery Expansion - 2005 Specs,Servizio: INGEGNERIA - Settori: Segreteria Tecnica - Cognome: Api - Tipo Doc: STC - Da num: UNITA OFF - A num: UNITA 47 - Note: DIS.A 4,Project Closed,2008-12-31,3650,2018-12-29,Confidential,,,PLANET,PLANET,,,ND
2,Rome ,Italy,INGEGNERIA,PRJ010,EVT+10Y,Engineering Administration,,,2141,Refinery Expansion - 2005 Specs,Servizio: INGEGNERIA - Settori: Segreteria Tecnica - Cognome: Api - Tipo Doc: STD - Da num: UNITA OFF - A num: UNITA 47 - Note: DIS.A 4,Project Closed,2008-12-31,3650,2018-12-29,Confidential,,,PLANET,PLANET,,,ND
3,Rome ,Italy,INGEGNERIA,PRJ020,EVT+30Y,Engineering Design Records,,,2141,Refinery Expansion - 2005 Specs,Servizio: INGEGNERIA - Settori: Segreteria Tecnica - Cognome: Api - Tipo Doc: Disegni - Da num: UN. 48 - A num: UN. 76 - Note: DIS.A 4,Project and Warranty Closed,2008-12-31,10950,2038-12-24,Confidential,,,PLANET,PLANET,,,ND
3,Rome ,Italy,INGEGNERIA,PRJ010,EVT+10Y,Engineering Administration,,,2141,Refinery Expansion - 2005 Specs,Servizio: INGEGNERIA - Settori: Segreteria Tecnica - Cognome: Api - Tipo Doc: STC - Da num: UN. 48 - A num: UN. 76 - Note: DIS.A 4,Project Closed,2008-12-31,3650,2018-12-29,Confidential,,,PLANET,PLANET,,,ND
3,Rome ,Italy,INGEGNERIA,PRJ010,EVT+10Y,Engineering Administration,,,2141,Refinery Expansion - 2005 Specs,Servizio: INGEGNERIA - Settori: Segreteria Tecnica - Cognome: Api - Tipo Doc: STD - Da num: UN. 48 - A num: UN. 76 - Note: DIS.A 4,Project Closed,2008-12-31,3650,2018-12-29,Confidential,,,PLANET,PLANET,,,ND
4,Rome ,Italy,INGEGNERIA,PRJ020,EVT+30Y,Engineering Design Records,,,2141,Refinery Expansion - 2005 Specs,Servizio: INGEGNERIA - Settori: Segreteria Tecnica - Cognome: Api - Tipo Doc: Disegni - Da num: UN.77 - A num: UN.98 - Note: DIS.A 4,Project and Warranty Closed,2008-12-31,10950,2038-12-24,Confidential,,,PLANET,PLANET,,,ND
4,Rome ,Italy,INGEGNERIA,PRJ010,EVT+10Y,Engineering Administration,,,2141,Refinery Expansion - 2005 Specs,Servizio: INGEGNERIA - Settori: Segreteria Tecnica - Cognome: Api - Tipo Doc: STC - Da num: UN.77 - A num: UN.98 - Note: DIS.A 4,Project Closed,2008-12-31,3650,2018-12-29,Confidential,,,PLANET,PLANET,,,ND
4,Rome ,Italy,INGEGNERIA,PRJ010,EVT+10Y,Engineering Administration,,,2141,Refinery Expansion - 2005 Specs,Servizio: INGEGNERIA - Settori: Segreteria Tecnica - Cognome: Api - Tipo Doc: STD - Da num: UN.77 - A num: UN.98 - Note: DIS.A 4,Project Closed,2008-12-31,3650,2018-12-29,Confidential,,,PLANET,PLANET,,,ND
5,Rome ,Italy,INGEGNERIA,PRJ020,EVT+30Y,Engineering Design Records,,,2141,Refinery Expansion - 2005 Specs,Servizio: INGEGNERIA - Settori: Segreteria Tecnica - Cognome: Api - Tipo Doc: Disegni - Da num: UN OFF - A num: UN.19 - Note: DIS.A3,Project and Warranty Closed,2008-12-31,10950,2038-12-24,Confidential,,,PLANET,PLANET,,,ND
5,Rome ,Italy,INGEGNERIA,PRJ010,EVT+10Y,Engineering Administration,,,2141,Refinery Expansion - 2005 Specs,Servizio: INGEGNERIA - Settori: Segreteria Tecnica - Cognome: Api - Tipo Doc: STC - Da num: UN OFF - A num: UN.19 - Note: DIS.A3,Project Closed,2008-12-31,3650,2018-12-29,Confidential,,,PLANET,PLANET,,,ND
5,Rome ,Italy,INGEGNERIA,PRJ010,EVT+10Y,Engineering Administration,,,2141,Refinery Expansion - 2005 Specs,Servizio: INGEGNERIA - Settori: Segreteria Tecnica - Cognome: Api - Tipo Doc: STD - Da num: UN OFF - A num: UN.19 - Note: DIS.A3,Project Closed,2008-12-31,3650,2018-12-29,Confidential,,,PLANET,PLANET,,,ND
6,Rome ,Italy,INGEGNERIA,PRJ020,EVT+30Y,Engineering Design Records,,,2141,Refinery Expansion - 2005 Specs,Servizio: INGEGNERIA - Settori: Segreteria Tecnica - Cognome: Api - Tipo Doc: VD - Da num: 0841.01 VOL 13 - A num: 0841.01VOL 14,Project and Warranty Closed,2008-12-31,10950,2038-12-24,Confidential,,,PLANET,PLANET,,,ND
136,Rome ,Italy,INGEGNERIA,PRJ020,EVT+30Y,Engineering Design Records,,,2141,Refinery Expansion - 2005 Specs,Servizo : Ingegneria - Settori : Segreteria Tecnica - Cognome: PETRANGELI - Tipo Doc: DW,Project and Warranty Closed,2008-12-31,10950,2038-12-24,Confidential,,,PLANET,PLANET,,,ND
141,Rome ,Italy,INGEGNERIA,PRJ010,EVT+10Y,Engineering Administration,,,2141,Refinery Expansion - 2005 Specs,Servizo : Ingegneria - Settori : Segreteria Tecnica - Cognome: PETRANGELI - Tipo Doc: AG - Da num: 304 - A num: 304,Project Closed,2008-12-31,3650,2018-12-29,Confidential,,,Warner,WC02,,,17105
188,Rome ,Italy,INGEGNERIA,PRJ010,EVT+10Y,Engineering Administration,,,2141,Refinery Expansion - 2005 Specs,Servizio: INGEGNERIA – Settore: Segreteria Tecnica  - Cognome: MONTIS – Tipo Doc: PG - Da num: 206,Project Closed,2008-12-31,3650,2018-12-29,Confidential,,,B012,B012,,,1528
449,Rome ,Italy,INGEGNERIA,PRJ020,EVT+30Y,Engineering Design Records,,,2141,Refinery Expansion - 2005 Specs,Servizio: INGEGNERIA - Settori: Segreteria Tecnica - Cognome: Api - Tipo Doc: Disegni - Da num: UN 31 - A num: UN 98 - Note: DIS.A3,Project and Warranty Closed,2008-12-31,10950,2038-12-24,Confidential,,,PLANET,PLANET,,,ND
449,Rome ,Italy,INGEGNERIA,PRJ010,EVT+10Y,Engineering Administration,,,2141,Refinery Expansion - 2005 Specs,Servizio: INGEGNERIA - Settori: Segreteria Tecnica - Cognome: Api - Tipo Doc: STC - Da num: UN 31 - A num: UN 98 - Note: DIS.A3,Project Closed,2008-12-31,3650,2018-12-29,Confidential,,,PLANET,PLANET,,,ND
449,Rome ,Italy,INGEGNERIA,PRJ020,EVT+30Y,Engineering Design Records,,,2141,Refinery Expansion - 2005 Specs,Servizio: INGEGNERIA - Settori: Segreteria Tecnica - Cognome: Api - Tipo Doc: STD - Da num: UN 31 - A num: UN 98 - Note: DIS.A3,Project and Warranty Closed,2008-12-31,10950,2038-12-24,Confidential,,,PLANET,PLANET,,,ND
491,Rome ,Italy,PREVENTIVI,PRJ020,EVT+30Y,Engineering Design Records,,,2141,Refinery Expansion - 2005 Specs,Servizio: PREVENTIVI - Settori: Segreteria di Dipartimento - Tipo Doc: Price Book,Project and Warranty Closed,2008-12-31,10950,2038-12-24,Confidential,,,Warner,WC04,,,24349
513,Rome ,Italy,PREVENTIVI,PRJ020,EVT+30Y,Engineering Design Records,,,2141,Refinery Expansion - 2005 Specs,Servizio: PREVENTIVI - Settori: Segreteria Dipartimento - Cognome: Russo - Tipo Doc: Pice Book,Project and Warranty Closed,2008-12-31,10950,2038-12-24,Confidential,,,Warner,WC04,,,24470
612,Rome ,Italy,INGEGNERIA,PRJ020,EVT+30Y,Engineering Design Records,,,2141,Refinery Expansion - 2005 Specs,Servizio: Ingegneria -Settori: Segreteria Tecnica -Cognome: Petrangeli - Tipo Doc: DW - Da: UNITA' 77 - A:UNITA' 78,Project and Warranty Closed,2008-12-31,10950,2038-12-24,Confidential,,,PLANET,PLANET,,,ND
672,Rome ,Italy,INGEGNERIA,PRJ010,EVT+10Y,Engineering Administration,,,2141,Refinery Expansion - 2005 Specs,Servizio:INGEGNERIA - Settori: Segreteria Tecnica - Cognome:  - Tipo Doc: CD - Da num: I - A:,Project Closed,2008-12-31,3650,2018-12-29,Confidential,,,B012,B012,,,1286
693,Rome ,Italy,INGEGNERIA,PRJ010,EVT+10Y,Engineering Administration,,,2141,Refinery Expansion - 2005 Specs,Servizio: INGEGNERIA - Settori: Segreteria Tecnica - Cognome: MONTIS  - Tipo Doc : - Da num: 00ML101 PARTE 4 VOL 106 - A: ,Project Closed,2008-12-31,3650,2018-12-29,Confidential,,,Warner,WA06,,,26588
714,Rome ,Italy,INGEGNERIA,PRJ020,EVT+30Y,Engineering Design Records,,,2141,Refinery Expansion - 2005 Specs,Servizio: INGEGNERIA  - Settori: Segreteria Tecnica - Cognome: MONTIS - Tipo Doc : VD - Da num: 0910 * 09 VOL 1 - A:,Project and Warranty Closed,2008-12-31,10950,2038-12-24,Confidential,,,Warner,WC04,,,25530
818,Rome ,Italy,INGEGNERIA,PRJ010,EVT+10Y,Engineering Administration,,,2141,Refinery Expansion - 2005 Specs,Servizio: INGEGNERIA - Settori:Segreteria Tecnica - Cognome: MONTIS - Tipo Doc : AG - Da num: 003 - A: ,Project Closed,2008-12-31,3650,2018-12-29,Confidential,,,Warner,WA06,,,26594
895,Rome ,Italy,INGEGNERIA,PRJ020,EVT+30Y,Engineering Design Records,,,2141,Refinery Expansion - 2005 Specs,"Servizio: INGEGNERIA - Settori:Segreteria Tecnica - Cognome: MONTIS - Tipo Doc : ML - Da num: 013,05 VOL 1 - A: ",Project and Warranty Closed,2008-12-31,10950,2038-12-24,Confidential,,,Warner,WC04,,,24825
895,Rome ,Italy,INGEGNERIA,PRJ020,EVT+30Y,Engineering Design Records,,,2141,Refinery Expansion - 2005 Specs,Servizio: INGEGNERIA - Settori:Segreteria Tecnica - Cognome: MONTIS - Tipo Doc : ML- Da num: 00-ML-101 VOL 135 - A: ,Project and Warranty Closed,2008-12-31,10950,2038-12-24,Confidential,,,Warner,WC04,,,24825
895,Rome ,Italy,INGEGNERIA,PRJ020,EVT+30Y,Engineering Design Records,,,2141,Refinery Expansion - 2005 Specs,Servizio: INGEGNERIA - Settori:Segreteria Tecnica - Cognome: MONTIS - Tipo Doc : ML - Da num: 00-ML-101 VOL 66 - A: ,Project and Warranty Closed,2008-12-31,10950,2038-12-24,Confidential,,,Warner,WC04,,,24825
895,Rome ,Italy,INGEGNERIA,PRJ020,EVT+30Y,Engineering Design Records,,,2141,Refinery Expansion - 2005 Specs,Servizio: INGEGNERIA - Settori:Segreteria Tecnica - Cognome: MONTIS - Tipo Doc : ML - Da num: 00-ML-101 VOL 88 - A: 00-ML-101 VOL 89,Project and Warranty Closed,2008-12-31,10950,2038-12-24,Confidential,,,Warner,WC04,,,24825
896,Rome ,Italy,INGEGNERIA,PRJ020,EVT+30Y,Engineering Design Records,,,2141,Refinery Expansion - 2005 Specs,Servizio: INGEGNERIA - Settori:Segreteria Tecnica - Cognome: MONTIS - Tipo Doc : ML - Da num: 00-ML-101 VOL 128 - A: 00-ML-101 VOL 129,Project and Warranty Closed,2008-12-31,10950,2038-12-24,Confidential,,,Warner,WC04,,,24824
896,Rome ,Italy,INGEGNERIA,PRJ020,EVT+30Y,Engineering Design Records,,,2141,Refinery Expansion - 2005 Specs,Servizio: INGEGNERIA - Settori:Segreteria Tecnica - Cognome: MONTIS - Tipo Doc : ML - Da num: 00-ML-101 VOL 141 - A: ,Project and Warranty Closed,2008-12-31,10950,2038-12-24,Confidential,,,Warner,WC04,,,24824
896,Rome ,Italy,INGEGNERIA,PRJ020,EVT+30Y,Engineering Design Records,,,2141,Refinery Expansion - 2005 Specs,Servizio: INGEGNERIA - Settori:Segreteria Tecnica - Cognome: MONTIS - Tipo Doc : ML - Da num: 00-ML-101 VOL 47 - A: ,Project and Warranty Closed,2008-12-31,10950,2038-12-24,Confidential,,,Warner,WC04,,,24824
896,Rome ,Italy,INGEGNERIA,PRJ020,EVT+30Y,Engineering Design Records,,,2141,Refinery Expansion - 2005 Specs,Servizio: INGEGNERIA - Settori:Segreteria Tecnica - Cognome: MONTIS - Tipo Doc : ML - Da num: 00-ML-101 VOL 84 - A: ,Project and Warranty Closed,2008-12-31,10950,2038-12-24,Confidential,,,Warner,WC04,,,24824
897,Rome ,Italy,INGEGNERIA,PRJ020,EVT+30Y,Engineering Design Records,,,2141,Refinery Expansion - 2005 Specs,Servizio: INGEGNERIA - Settori:Segreteria Tecnica - Cognome: MONTIS - Tipo Doc : ML - Da num: 00-ML-101 VOL 138 - A: 00-ML-101 VOL 139,Project and Warranty Closed,2008-12-31,10950,2038-12-24,Confidential,,,Warner,WC04,,,24825
897,Rome ,Italy,INGEGNERIA,PRJ020,EVT+30Y,Engineering Design Records,,,2141,Refinery Expansion - 2005 Specs,Servizio: INGEGNERIA - Settori:Segreteria Tecnica - Cognome: MONTIS - Tipo Doc : ML - Da num: 00-ML-101 VOL 142 - A: ,Project and Warranty Closed,2008-12-31,10950,2038-12-24,Confidential,,,Warner,WC04,,,24825
897,Rome ,Italy,INGEGNERIA,PRJ020,EVT+30Y,Engineering Design Records,,,2141,Refinery Expansion - 2005 Specs,Servizio: INGEGNERIA - Settori:Segreteria Tecnica - Cognome: MONTIS - Tipo Doc : ML - Da num: 00-ML-101 VOL 94 - A: ,Project and Warranty Closed,2008-12-31,10950,2038-12-24,Confidential,,,Warner,WC04,,,24825
897,Rome ,Italy,INGEGNERIA,PRJ020,EVT+30Y,Engineering Design Records,,,2141,Refinery Expansion - 2005 Specs,Servizio: INGEGNERIA - Settori:Segreteria Tecnica - Cognome: MONTIS - Tipo Doc : ML - Da num: 00-ML-101 VOL 96 - A: ,Project and Warranty Closed,2008-12-31,10950,2038-12-24,Confidential,,,Warner,WC04,,,24825
1009,Rome ,Italy,SEGRETERIA TECNICA,PRJ050,EVT+30Y,Manufacturing Quality Control Reports and Reviews,,,2141,Refinery Expansion - 2005 Specs,"Servizio: INGEGNERIA - Settori: SEGRETERIA TECNICA - Cognome: PETRANGELI - Tipo Doc : IB - Da num: 0511,02 VOL 1 - A:",Project Closed,2008-12-31,10950,2038-12-24,Confidential,,,A032,A032,,,2722
1189,Rome ,Italy,INGEGNERIA,PRJ010,EVT+10Y,Engineering Administration,,,2141,Refinery Expansion - 2005 Specs,Servizio: INGEGNERIA - Settori: Segreteria Tecnica - Cognome: Api - Tipo Doc: AG - Da num: 218.01 GEN. INDEX - A num: 218.03 VOL.2,Project Closed,2008-12-31,3650,2018-12-29,Confidential,,ToBeDefined,Warner,WA06,ToBeDefined,,19625
1488,Rome ,Italy,INGEGNERIA,PRJ020,EVT+30Y,Engineering Design Records,,,2141,Refinery Expansion - 2005 Specs,Servizio: INGEGNERIA - Settori: Segreteria Tecnica - Cognome: Api - Tipo Doc: ML - Da num: 1 - A num: 5 - Note: 00 ML 5000 PED ATEX,Project and Warranty Closed,2008-12-31,10950,2038-12-24,Confidential,,ToBeDefined,PLANET,PLANET,ToBeDefined,,ToBeDefined
1489,Rome ,Italy,INGEGNERIA,PRJ020,EVT+30Y,Engineering Design Records,,,2141,Refinery Expansion - 2005 Specs,Servizio: INGEGNERIA - Settori: Segreteria Tecnica - Cognome: Api - Tipo Doc: ML - Da num: 6 - A num: 10 - Note: 00 ML 5000 PED ATEX,Project and Warranty Closed,2008-12-31,10950,2038-12-24,Confidential,,ToBeDefined,PLANET,PLANET,ToBeDefined,,ToBeDefined
1490,Rome ,Italy,INGEGNERIA,PRJ020,EVT+30Y,Engineering Design Records,,,2141,Refinery Expansion - 2005 Specs,Servizio: INGEGNERIA - Settori: Segreteria Tecnica - Cognome: Api - Tipo Doc: ML - Da num: 11 - A num: 15 - Note: 00 ML 5000 PED ATEX,Project and Warranty Closed,2008-12-31,10950,2038-12-24,Confidential,,ToBeDefined,PLANET,PLANET,ToBeDefined,,ToBeDefined
1491,Rome ,Italy,INGEGNERIA,PRJ020,EVT+30Y,Engineering Design Records,,,2141,Refinery Expansion - 2005 Specs,Servizio: INGEGNERIA - Settori: Segreteria Tecnica - Cognome: Api - Tipo Doc: ML - Da num: 16 - A num: 20 - Note: 00 ML 5000 PED ATEX,Project and Warranty Closed,2008-12-31,10950,2038-12-24,Confidential,,ToBeDefined,PLANET,PLANET,ToBeDefined,,ToBeDefined
1492,Rome ,Italy,INGEGNERIA,PRJ020,EVT+30Y,Engineering Design Records,,,2141,Refinery Expansion - 2005 Specs,Servizio: INGEGNERIA - Settori: Segreteria Tecnica - Cognome: Api - Tipo Doc: ML - Da num: 21 - A num: 25 - Note: 00 ML 5000 PED ATEX,Project and Warranty Closed,2008-12-31,10950,2038-12-24,Confidential,,ToBeDefined,PLANET,PLANET,ToBeDefined,,ToBeDefined
1493,Rome ,Italy,INGEGNERIA,PRJ020,EVT+30Y,Engineering Design Records,,,2141,Refinery Expansion - 2005 Specs,Servizio: INGEGNERIA - Settori: Segreteria Tecnica - Cognome: Api - Tipo Doc: ML - Da num: 26 - A num: 30 - Note: 00 ML 5000 PED ATEX,Project and Warranty Closed,2008-12-31,10950,2038-12-24,Confidential,,ToBeDefined,PLANET,PLANET,ToBeDefined,,ToBeDefined
1494,Rome ,Italy,INGEGNERIA,PRJ020,EVT+30Y,Engineering Design Records,,,2141,Refinery Expansion - 2005 Specs,Servizio: INGEGNERIA - Settori: Segreteria Tecnica - Cognome: Api - Tipo Doc: ML - Da num: 31 - A num: 35 - Note: 00 ML 5000 PED ATEX,Project and Warranty Closed,2008-12-31,10950,2038-12-24,Confidential,,ToBeDefined,PLANET,PLANET,ToBeDefined,,ToBeDefined
1495,Rome ,Italy,INGEGNERIA,PRJ020,EVT+30Y,Engineering Design Records,,,2141,Refinery Expansion - 2005 Specs,Servizio: INGEGNERIA - Settori: Segreteria Tecnica - Cognome: Api - Tipo Doc: ML - Da num: 1 - A num: 5 - Note: 00 ML 2001-10 PED ATEX,Project and Warranty Closed,2008-12-31,10950,2038-12-24,Confidential,,ToBeDefined,PLANET,PLANET,ToBeDefined,,ToBeDefined
1496,Rome ,Italy,INGEGNERIA,PRJ020,EVT+30Y,Engineering Design Records,,,2141,Refinery Expansion - 2005 Specs,Servizio: INGEGNERIA - Settori: Segreteria Tecnica - Cognome: Api - Tipo Doc: ML - Da num: 6 - A num: 10 - Note: 00 ML 2001-10 PED ATEX,Project and Warranty Closed,2008-12-31,10950,2038-12-24,Confidential,,ToBeDefined,PLANET,PLANET,ToBeDefined,,ToBeDefined
1497,Rome ,Italy,INGEGNERIA,PRJ020,EVT+30Y,Engineering Design Records,,,2141,Refinery Expansion - 2005 Specs,Servizio: INGEGNERIA - Settori: Segreteria Tecnica - Cognome: Api - Tipo Doc: ML - Da num: 11 - A num: 15 - Note: 00 ML 2001-10 PED ATEX,Project and Warranty Closed,2008-12-31,10950,2038-12-24,Confidential,,ToBeDefined,PLANET,PLANET,ToBeDefined,,ToBeDefined
1498,Rome ,Italy,INGEGNERIA,PRJ020,EVT+30Y,Engineering Design Records,,,2141,Refinery Expansion - 2005 Specs,Servizio: INGEGNERIA - Settori: Segreteria Tecnica - Cognome: Api - Tipo Doc: ML - Da num: 16 - A num: 20 - Note: 00 ML 2001-10 PED ATEX,Project and Warranty Closed,2008-12-31,10950,2038-12-24,Confidential,,ToBeDefined,PLANET,PLANET,ToBeDefined,,ToBeDefined
1499,Rome ,Italy,INGEGNERIA,PRJ020,EVT+30Y,Engineering Design Records,,,2141,Refinery Expansion - 2005 Specs,Servizio: INGEGNERIA - Settori: Segreteria Tecnica - Cognome: Api - Tipo Doc: ML - Da num: 21 - A num: 26 - Note: 00 ML 2001-10 PED ATEX,Project and Warranty Closed,2008-12-31,10950,2038-12-24,Confidential,,ToBeDefined,PLANET,PLANET,ToBeDefined,,ToBeDefined
1500,Rome ,Italy,INGEGNERIA,PRJ020,EVT+30Y,Engineering Design Records,,,2141,Refinery Expansion - 2005 Specs,Servizio: INGEGNERIA - Settori: Segreteria Tecnica - Cognome: Api - Tipo Doc: ML - Da num: 1 - A num: 4 - Note: 75 ML 1001-01 PED ATEX,Project and Warranty Closed,2008-12-31,10950,2038-12-24,Confidential,,ToBeDefined,PLANET,PLANET,ToBeDefined,,ToBeDefined
1501,Rome ,Italy,INGEGNERIA,PRJ020,EVT+30Y,Engineering Design Records,,,2141,Refinery Expansion - 2005 Specs,Servizio: INGEGNERIA - Settori: Segreteria Tecnica - Cognome: Api - Tipo Doc: ML - Da num: 5 - A num: 8 - Note: 75 ML 1001-01 PED ATEX,Project and Warranty Closed,2008-12-31,10950,2038-12-24,Confidential,,ToBeDefined,PLANET,PLANET,ToBeDefined,,ToBeDefined
1502,Rome ,Italy,INGEGNERIA,PRJ020,EVT+30Y,Engineering Design Records,,,2141,Refinery Expansion - 2005 Specs,Servizio: INGEGNERIA - Settori: Segreteria Tecnica - Cognome: Api - Tipo Doc: ML - Da num: 1 - A num: 6 - Note: 00 ML 1001-01 PED ATEX,Project and Warranty Closed,2008-12-31,10950,2038-12-24,Confidential,,ToBeDefined,PLANET,PLANET,ToBeDefined,,ToBeDefined
1503,Rome ,Italy,INGEGNERIA,PRJ020,EVT+30Y,Engineering Design Records,,,2141,Refinery Expansion - 2005 Specs,Servizio: INGEGNERIA - Settori: Segreteria Tecnica - Cognome: Api - Tipo Doc: ML - Da num: 1 - A num: 3 - Note: 76 ML 1001-01 PED ATEX,Project and Warranty Closed,2008-12-31,10950,2038-12-24,Confidential,,ToBeDefined,PLANET,PLANET,ToBeDefined,,ToBeDefined
1504,Rome ,Italy,INGEGNERIA,PRJ020,EVT+30Y,Engineering Design Records,,,2141,Refinery Expansion - 2005 Specs,Servizio: INGEGNERIA - Settori: Segreteria Tecnica - Cognome: Api - Tipo Doc: ML - Da num: 1 - A num: 3 - Note: 77 ML 1001-01 PED ATEX,Project and Warranty Closed,2008-12-31,10950,2038-12-24,Confidential,,ToBeDefined,PLANET,PLANET,ToBeDefined,,ToBeDefined
1505,Rome ,Italy,INGEGNERIA,PRJ020,EVT+30Y,Engineering Design Records,,,2141,Refinery Expansion - 2005 Specs,"Servizio: INGEGNERIA - Settori: Segreteria Tecnica - Cognome: Api - Tipo Doc: ML - Da num: 1 - A num: 2 - Note: 00 ML 1001-01 PED ATEX 
73 ML 1001-01 PED ATEX VOL UNICO",Project and Warranty Closed,2008-12-31,10950,2038-12-24,Confidential,,ToBeDefined,PLANET,PLANET,ToBeDefined,,ToBeDefined
1506,Rome ,Italy,INGEGNERIA,PRJ020,EVT+30Y,Engineering Design Records,,,2141,Refinery Expansion - 2005 Specs,"Servizio: INGEGNERIA - Settori: Segreteria Tecnica - Cognome: Api - Tipo Doc: ML - Note: 49-ML-1051-01PED ATEX
78-ML-1031-01PED ATEX
77-ML-1051-01PED ATEX
77-ML-1091-01PED ATEX",Project and Warranty Closed,2008-12-31,10950,2038-12-24,Confidential,,ToBeDefined,PLANET,PLANET,ToBeDefined,,ToBeDefined
1507,Rome ,Italy,INGEGNERIA,PRJ020,EVT+30Y,Engineering Design Records,,,2141,Refinery Expansion - 2005 Specs,"Servizio: INGEGNERIA - Settori: Segreteria Tecnica - Cognome: Api - Tipo Doc: ML - Note: 78-ML-1041-01PED ATEX
79-ML-1001-01PED ATEX
78-ML-1051-01PED ATEX
78-ML-1061-01PED ATEX",Project and Warranty Closed,2008-12-31,10950,2038-12-24,Confidential,,ToBeDefined,PLANET,PLANET,ToBeDefined,,ToBeDefined
1605,Rome ,Italy,INGEGNERIA,PRJ010,EVT+10Y,Engineering Administration,,,2141,Refinery Expansion - 2005 Specs,Servizio: INGEGNERIA - Settori: Segreteria Tecnica - Cognome: Api - Tipo Doc: PG - Da num: PG 206 - A num: PG 709 - Note: RACCOGLITORI DI FINE IMPIANTO IN USCITA/ENTRATA,Project Closed,2008-12-31,3650,2018-12-29,Confidential,,ToBeDefined,Warner,WARNER,ToBeDefined,,21232
1859,Rome ,Italy,PROCESSO ,ToBeDefined,EVT+30Y,Engineering Administration,,,2141,Refinery Expansion - 2005 Specs,Servizio: PROCESSO - Settori: Start Up - Cognome: De Paolis - Da num: 1 - A num: 6 - Tipo Cont: BOX - Note: VN 1100-1970-3100-4950-7300-7830,Project Closed,2008-12-31,10950,2038-12-24,Confidential,,ToBeDefined,PLANET,PLANET,ToBeDefined,,ToBeDefined
1860,Rome ,Italy,PROCESSO ,ToBeDefined,EVT+30Y,Engineering Administration,,,2141,Refinery Expansion - 2005 Specs,Servizio: PROCESSO - Settori: Start Up - Cognome: De Paolis - Da num: 7 - A num: 11 - Tipo Cont: BOX - Note: VN 7700-7840-7850-7860-7000,Project Closed,2008-12-31,10950,2038-12-24,Confidential,,ToBeDefined,PLANET,PLANET,ToBeDefined,,ToBeDefined
2398,Rome ,Italy,PROCUREMENT,PRJ010,EVT+10Y,Engineering Administration,,,2141,Refinery Expansion - 2005 Specs,Servizio: PROCURAMENT - Settori: NOAP - Tipo Doc: AG - Da num: 304-P.O. 0055 - A num: 304-P.O. 0096 - Tipo Cont: BOX,Project Closed,2008-12-31,3650,2018-12-29,Confidential,,ToBeDefined,PLANET,PLANET,ToBeDefined,,ToBeDefined
2399,Rome ,Italy,PROCUREMENT,PRJ010,EVT+10Y,Engineering Administration,,,2141,Refinery Expansion - 2005 Specs,Servizio: PROCURAMENT - Settori: NOAP - Tipo Doc: AG - Da num: 304-P.O.0001 - A num: 304-P.O.0019 - Tipo Cont: BOX,Project Closed,2008-12-31,3650,2018-12-29,Confidential,,ToBeDefined,PLANET,PLANET,ToBeDefined,,ToBeDefined
2400,Rome ,Italy,PROCUREMENT,PRJ010,EVT+10Y,Engineering Administration,,,2141,Refinery Expansion - 2005 Specs,Servizio: PROCURAMENT - Settori: NOAP - Tipo Doc: AG - Da num: 304-P.O.0046 - A num: 304-P.O.0054 - Tipo Cont: BOX,Project Closed,2008-12-31,3650,2018-12-29,Confidential,,ToBeDefined,PLANET,PLANET,ToBeDefined,,ToBeDefined
2401,Rome ,Italy,PROCUREMENT,PRJ010,EVT+10Y,Engineering Administration,,,2141,Refinery Expansion - 2005 Specs,Servizio: PROCURAMENT - Settori: NOAP - Tipo Doc: AG - Da num: 304-P.O.0027~0030;0097~0099 - A num: 304-P.O.0106~0120;3014 - Tipo Cont: BOX,Project Closed,2008-12-31,3650,2018-12-29,Confidential,,ToBeDefined,PLANET,PLANET,ToBeDefined,,ToBeDefined
2439,Rome ,Italy,TRANSPORT CONTRACT,ToBeDefined,EVT+30Y,Engineering Administration,,,2141,Refinery Expansion - 2005 Specs,Servizio: PROCURAMENT - Settori: Trasporti - Cognome: Fortuna - Tipo Doc: Vari - Da num: 59 E 64 - A num: 71~73 - Tipo Cont: BOX,Project Closed,2008-12-31,10950,2038-12-24,Confidential,,ToBeDefined,PLANET,PLANET,ToBeDefined,,ToBeDefined
2440,Rome ,Italy,TRANSPORT CONTRACT,ToBeDefined,EVT+30Y,Engineering Administration,,,2141,Refinery Expansion - 2005 Specs,Servizio: PROCURAMENT - Settori: Trasporti - Cognome: Fortuna - Tipo Doc: Vari - Da num: 74 - A num: 78 - Tipo Cont: BOX,Project Closed,2008-12-31,10950,2038-12-24,Confidential,,ToBeDefined,PLANET,PLANET,ToBeDefined,,ToBeDefined
2441,Rome ,Italy,TRANSPORT CONTRACT,ToBeDefined,EVT+30Y,Engineering Administration,,,2141,Refinery Expansion - 2005 Specs,Servizio: PROCURAMENT - Settori: Trasporti - Cognome: Fortuna - Tipo Doc: Vari - Da num: 79 - A num: 82 - Tipo Cont: BOX,Project Closed,2008-12-31,10950,2038-12-24,Confidential,,ToBeDefined,PLANET,PLANET,ToBeDefined,,ToBeDefined
2442,Rome ,Italy,TRANSPORT CONTRACT,ToBeDefined,EVT+30Y,Engineering Administration,,,2141,Refinery Expansion - 2005 Specs,Servizio: PROCURAMENT - Settori: Trasporti - Cognome: Fortuna - Tipo Doc: Vari - Da num: 83 - A num: 87 - Tipo Cont: BOX,Project Closed,2008-12-31,10950,2038-12-24,Confidential,,ToBeDefined,PLANET,PLANET,ToBeDefined,,ToBeDefined
2507,Rome ,Italy,PROCUREMENT,ToBeDefined,EVT+30Y,Engineering Administration,,,2141,Refinery Expansion - 2005 Specs,Servizio: PROCURAMENT - Settori: NOAP - Tipo Doc: Noap - Da num: P.O 0020 - A num: PO 0086 - Tipo Cont: BOX,Project Closed,2008-12-31,10950,2038-12-24,Confidential,,ToBeDefined,PLANET,PLANET,ToBeDefined,,ToBeDefined
2508,Rome ,Italy,PROCUREMENT,ToBeDefined,EVT+30Y,Engineering Administration,,,2141,Refinery Expansion - 2005 Specs,Servizio: PROCURAMENT - Settori: NOAP - Tipo Doc: Noap - Da num: P.O 0100 - A num: P.O 0146 - Tipo Cont: BOX,Project Closed,2008-12-31,10950,2038-12-24,Confidential,,ToBeDefined,PLANET,PLANET,ToBeDefined,,ToBeDefined
4566,Rome ,Italy,INGEGNERIA,ToBeDefined,EVT+30Y,Engineering Administration,,,2141,Refinery Expansion - 2005 Specs,Servizio: INGEGNERIA - Settori: Segreteria Tecnica - Cognome: Api - Tipo Doc: microfilm,Project Closed,2008-12-31,10950,2038-12-24,Confidential,,ToBeDefined,PLANET,PLANET,ToBeDefined,,ToBeDefined
4567,Rome ,Italy,INGEGNERIA,ToBeDefined,EVT+30Y,Engineering Administration,,,2141,Refinery Expansion - 2005 Specs,Servizio: INGEGNERIA - Settori: Segreteria Tecnica - Cognome: Api - Tipo Doc: microfilm,Project Closed,2008-12-31,10950,2038-12-24,Confidential,,ToBeDefined,PLANET,PLANET,ToBeDefined,,ToBeDefined
4568,Rome ,Italy,INGEGNERIA,ToBeDefined,EVT+30Y,Engineering Administration,,,2141,Refinery Expansion - 2005 Specs,Servizio: INGEGNERIA - Settori: Segreteria Tecnica - Cognome: Api - Tipo Doc: microfilm,Project Closed,2008-12-31,10950,2038-12-24,Confidential,,ToBeDefined,PLANET,PLANET,ToBeDefined,,ToBeDefined
4845,Rome ,Italy,INGEGNERIA,ToBeDefined,EVT+30Y,Engineering Administration,,,2141,Refinery Expansion - 2005 Specs,Servizio: INGEGNERIA - Settori: Segreteria Tecnica - Cognome: Api - Tipo Doc: opere civili - Da num: 1 - A num: 4,Project Closed,2008-12-31,10950,2038-12-24,Confidential,,ToBeDefined,PLANET,PLANET,ToBeDefined,,ToBeDefined
5204,Rome ,Italy,INGEGNERIA,PRJ020,EVT+30Y,Engineering Design Records,,,2141,Refinery Expansion - 2005 Specs,Servizio: INGEGNERIA - Settori: Segreteria Tecnica - Cognome: Api - Tipo Doc: ML - Da num: ML 101 VOL 1\4 - A num: VOL 4\4,Project and Warranty Closed,2008-12-31,10950,2038-12-24,Confidential,,ToBeDefined,Warner,WARNER,ToBeDefined,,23278
5205,Rome ,Italy,INGEGNERIA,PRJ020,EVT+30Y,Engineering Design Records,,,2141,Refinery Expansion - 2005 Specs,Servizio: INGEGNERIA - Settori: Segreteria Tecnica - Cognome: Api - Tipo Doc: ML - Da num: 1\5 - A num: 5\5 - Note: ml 101 ped,Project and Warranty Closed,2008-12-31,10950,2038-12-24,Confidential,,ToBeDefined,Warner,WARNER,ToBeDefined,,23362
15226,Rome ,Italy,INGEGNERIA,PRJ050,EVT+30Y,Manufacturing Quality Control Reports and Reviews,,,2141,Refinery Expansion - 2005 Specs,#N/A,Project Closed,2008-12-31,10950,2038-12-24,Confidential,,ToBeDefined,Warner,WARNER,ToBeDefined,,15801
15227,Rome ,Italy,INGEGNERIA,PRJ050,EVT+30Y,Manufacturing Quality Control Reports and Reviews,,,2141,Refinery Expansion - 2005 Specs,#N/A,Project Closed,2008-12-31,10950,2038-12-24,Confidential,,ToBeDefined,Warner,WARNER,ToBeDefined,,15859
15267,Rome ,Italy,INGEGNERIA,ToBeDefined,EVT+30Y,Engineering Administration,,,2141,Refinery Expansion - 2005 Specs,#N/A,Project Closed,2008-12-31,10950,2038-12-24,Confidential,,ToBeDefined,Warner,WARNER,ToBeDefined,,17817
15268,Rome ,Italy,INGEGNERIA,ToBeDefined,EVT+30Y,Engineering Administration,,,2141,Refinery Expansion - 2005 Specs,#N/A,Project Closed,2008-12-31,10950,2038-12-24,Confidential,,ToBeDefined,Warner,WC03,ToBeDefined,,17806
19928,Rome ,Italy,INGEGNERIA,PRJ020,EVT+30Y,Engineering Design Records,,,2141,Refinery Expansion - 2005 Specs,#N/A,Project and Warranty Closed,2008-12-31,10950,2038-12-24,Confidential,,ToBeDefined,PLANET,PLANET,ToBeDefined,,ToBeDefined
20478,Rome ,Italy,INGEGNERIA,LGL110,EVT+15Y,"Contracts / Agreements - Customers, Vendors or Subcontractors",,,2141,Refinery Expansion - 2005 Specs,Servizio :  INGEGNERIA - Settore : Segreteria Tecnica - Tipo Doc : CS,Termination of Contract and Warranty,2008-12-31,5475,2023-12-28,Confidential,,ToBeDefined,Warner,WARNER,ToBeDefined,,25215
23898,Rome ,Italy,INGEGNERIA,PRJ010,EVT+10Y,Engineering Administration,,,2141,Refinery Expansion - 2005 Specs,#N/A,Project Closed,2008-12-31,3650,2018-12-29,Confidential,,ToBeDefined,Warner,WARNER,ToBeDefined,,27006
23899,Rome ,Italy,INGEGNERIA,PRJ010,EVT+10Y,Engineering Administration,,,2141,Refinery Expansion - 2005 Specs,#N/A,Project Closed,2008-12-31,3650,2018-12-29,Confidential,,ToBeDefined,Warner,WARNER,ToBeDefined,,27006
23900,Rome ,Italy,INGEGNERIA,PRJ010,EVT+10Y,Engineering Administration,,,2141,Refinery Expansion - 2005 Specs,#N/A,Project Closed,2008-12-31,3650,2018-12-29,Confidential,,ToBeDefined,Warner,WARNER,ToBeDefined,,27004
23901,Rome ,Italy,INGEGNERIA,PRJ010,EVT+10Y,Engineering Administration,,,2141,Refinery Expansion - 2005 Specs,#N/A,Project Closed,2008-12-31,3650,2018-12-29,Confidential,,ToBeDefined,Warner,WARNER,ToBeDefined,,27008
23902,Rome ,Italy,INGEGNERIA,PRJ010,EVT+10Y,Engineering Administration,,,2141,Refinery Expansion - 2005 Specs,#N/A,Project Closed,2008-12-31,3650,2018-12-29,Confidential,,ToBeDefined,Warner,WARNER,ToBeDefined,,27013
23903,Rome ,Italy,INGEGNERIA,PRJ010,EVT+10Y,Engineering Administration,,,2141,Refinery Expansion - 2005 Specs,#N/A,Project Closed,2008-12-31,3650,2018-12-29,Confidential,,ToBeDefined,Warner,WARNER,ToBeDefined,,27014
23904,Rome ,Italy,INGEGNERIA,PRJ010,EVT+10Y,Engineering Administration,,,2141,Refinery Expansion - 2005 Specs,#N/A,Project Closed,2008-12-31,3650,2018-12-29,Confidential,,ToBeDefined,Warner,WARNER,ToBeDefined,,27005
23905,Rome ,Italy,INGEGNERIA,PRJ010,EVT+10Y,Engineering Administration,,,2141,Refinery Expansion - 2005 Specs,#N/A,Project Closed,2008-12-31,3650,2018-12-29,Confidential,,ToBeDefined,Warner,WARNER,ToBeDefined,,27011
23906,Rome ,Italy,INGEGNERIA,PRJ010,EVT+10Y,Engineering Administration,,,2141,Refinery Expansion - 2005 Specs,#N/A,Project Closed,2008-12-31,3650,2018-12-29,Confidential,,ToBeDefined,Warner,WARNER,ToBeDefined,,27004
23907,Rome ,Italy,INGEGNERIA,PRJ010,EVT+10Y,Engineering Administration,,,2141,Refinery Expansion - 2005 Specs,#N/A,Project Closed,2008-12-31,3650,2018-12-29,Confidential,,ToBeDefined,Warner,WARNER,ToBeDefined,,27007
23908,Rome ,Italy,INGEGNERIA,PRJ010,EVT+10Y,Engineering Administration,,,2141,Refinery Expansion - 2005 Specs,#N/A,Project Closed,2008-12-31,3650,2018-12-29,Confidential,,ToBeDefined,Warner,WARNER,ToBeDefined,,27007
23909,Rome ,Italy,INGEGNERIA,PRJ010,EVT+10Y,Engineering Administration,,,2141,Refinery Expansion - 2005 Specs,#N/A,Project Closed,2008-12-31,3650,2018-12-29,Confidential,,ToBeDefined,Warner,WARNER,ToBeDefined,,27009
23910,Rome ,Italy,INGEGNERIA,PRJ010,EVT+10Y,Engineering Administration,,,2141,Refinery Expansion - 2005 Specs,#N/A,Project Closed,2008-12-31,3650,2018-12-29,Confidential,,ToBeDefined,Warner,WARNER,ToBeDefined,,27005
23911,Rome ,Italy,INGEGNERIA,PRJ010,EVT+10Y,Engineering Administration,,,2141,Refinery Expansion - 2005 Specs,#N/A,Project Closed,2008-12-31,3650,2018-12-29,Confidential,,ToBeDefined,Warner,WARNER,ToBeDefined,,27015
23912,Rome ,Italy,INGEGNERIA,PRJ010,EVT+10Y,Engineering Administration,,,2141,Refinery Expansion - 2005 Specs,#N/A,Project Closed,2008-12-31,3650,2018-12-29,Confidential,,ToBeDefined,Warner,WARNER,ToBeDefined,,26998
23913,Rome ,Italy,INGEGNERIA,PRJ010,EVT+10Y,Engineering Administration,,,2141,Refinery Expansion - 2005 Specs,#N/A,Project Closed,2008-12-31,3650,2018-12-29,Confidential,,ToBeDefined,Warner,WARNER,ToBeDefined,,27014
23914,Rome ,Italy,INGEGNERIA,PRJ010,EVT+10Y,Engineering Administration,,,2141,Refinery Expansion - 2005 Specs,#N/A,Project Closed,2008-12-31,3650,2018-12-29,Confidential,,ToBeDefined,Warner,WARNER,ToBeDefined,,27011
23915,Rome ,Italy,INGEGNERIA,PRJ010,EVT+10Y,Engineering Administration,,,2141,Refinery Expansion - 2005 Specs,#N/A,Project Closed,2008-12-31,3650,2018-12-29,Confidential,,ToBeDefined,Warner,WARNER,ToBeDefined,,27010
23916,Rome ,Italy,INGEGNERIA,PRJ010,EVT+10Y,Engineering Administration,,,2141,Refinery Expansion - 2005 Specs,#N/A,Project Closed,2008-12-31,3650,2018-12-29,Confidential,,ToBeDefined,Warner,WARNER,ToBeDefined,,27009
23917,Rome ,Italy,INGEGNERIA,PRJ010,EVT+10Y,Engineering Administration,,,2141,Refinery Expansion - 2005 Specs,#N/A,Project Closed,2008-12-31,3650,2018-12-29,Confidential,,ToBeDefined,Warner,WARNER,ToBeDefined,,27010
23918,Rome ,Italy,INGEGNERIA,PRJ010,EVT+10Y,Engineering Administration,,,2141,Refinery Expansion - 2005 Specs,#N/A,Project Closed,2008-12-31,3650,2018-12-29,Confidential,,ToBeDefined,Warner,WARNER,ToBeDefined,,26998
24202,Rome ,Italy,INGEGNERIA,LGL110,EVT+15Y,"Contracts / Agreements - Customers, Vendors or Subcontractors",,,2141,Refinery Expansion - 2005 Specs,Servizio :  INGEGNERIA - Settore : Segreteria Tecnica - Tipo Doc : CS,Termination of Contract and Warranty,2008-12-31,5475,2023-12-28,Confidential,,ToBeDefined,Warner,WARNER,ToBeDefined,,25661
25997,Rome ,Italy,INGEGNERIA,PRJ050,EVT+30Y,Manufacturing Quality Control Reports and Reviews,,,2141,Refinery Expansion - 2005 Specs,#N/A,Project Closed,2008-12-31,10950,2038-12-24,Confidential,,ToBeDefined,PLANET,PLANET,ToBeDefined,,ToBeDefined
25998,Rome ,Italy,INGEGNERIA,PRJ050,EVT+30Y,Manufacturing Quality Control Reports and Reviews,,,2141,Refinery Expansion - 2005 Specs,#N/A,Project Closed,2008-12-31,10950,2038-12-24,Confidential,,ToBeDefined,PLANET,PLANET,ToBeDefined,,ToBeDefined
25999,Rome ,Italy,INGEGNERIA,PRJ050,EVT+30Y,Manufacturing Quality Control Reports and Reviews,,,2141,Refinery Expansion - 2005 Specs,#N/A,Project Closed,2008-12-31,10950,2038-12-24,Confidential,,ToBeDefined,PLANET,PLANET,ToBeDefined,,ToBeDefined
26000,Rome ,Italy,INGEGNERIA,PRJ050,EVT+30Y,Manufacturing Quality Control Reports and Reviews,,,2141,Refinery Expansion - 2005 Specs,#N/A,Project Closed,2008-12-31,10950,2038-12-24,Confidential,,ToBeDefined,PLANET,PLANET,ToBeDefined,,ToBeDefined
26001,Rome ,Italy,INGEGNERIA,PRJ050,EVT+30Y,Manufacturing Quality Control Reports and Reviews,,,2141,Refinery Expansion - 2005 Specs,#N/A,Project Closed,2008-12-31,10950,2038-12-24,Confidential,,ToBeDefined,PLANET,PLANET,ToBeDefined,,ToBeDefined
26002,Rome ,Italy,INGEGNERIA,PRJ050,EVT+30Y,Manufacturing Quality Control Reports and Reviews,,,2141,Refinery Expansion - 2005 Specs,#N/A,Project Closed,2008-12-31,10950,2038-12-24,Confidential,,ToBeDefined,PLANET,PLANET,ToBeDefined,,ToBeDefined
26003,Rome ,Italy,INGEGNERIA,PRJ050,EVT+30Y,Manufacturing Quality Control Reports and Reviews,,,2141,Refinery Expansion - 2005 Specs,#N/A,Project Closed,2008-12-31,10950,2038-12-24,Confidential,,ToBeDefined,PLANET,PLANET,ToBeDefined,,ToBeDefined
26004,Rome ,Italy,INGEGNERIA,PRJ050,EVT+30Y,Manufacturing Quality Control Reports and Reviews,,,2141,Refinery Expansion - 2005 Specs,#N/A,Project Closed,2008-12-31,10950,2038-12-24,Confidential,,ToBeDefined,PLANET,PLANET,ToBeDefined,,ToBeDefined
26005,Rome ,Italy,INGEGNERIA,PRJ050,EVT+30Y,Manufacturing Quality Control Reports and Reviews,,,2141,Refinery Expansion - 2005 Specs,#N/A,Project Closed,2008-12-31,10950,2038-12-24,Confidential,,ToBeDefined,PLANET,PLANET,ToBeDefined,,ToBeDefined
26006,Rome ,Italy,INGEGNERIA,PRJ050,EVT+30Y,Manufacturing Quality Control Reports and Reviews,,,2141,Refinery Expansion - 2005 Specs,#N/A,Project Closed,2008-12-31,10950,2038-12-24,Confidential,,ToBeDefined,PLANET,PLANET,ToBeDefined,,ToBeDefined
26007,Rome ,Italy,INGEGNERIA,PRJ050,EVT+30Y,Manufacturing Quality Control Reports and Reviews,,,2141,Refinery Expansion - 2005 Specs,#N/A,Project Closed,2008-12-31,10950,2038-12-24,Confidential,,ToBeDefined,PLANET,PLANET,ToBeDefined,,ToBeDefined
26008,Rome ,Italy,INGEGNERIA,PRJ050,EVT+30Y,Manufacturing Quality Control Reports and Reviews,,,2141,Refinery Expansion - 2005 Specs,#N/A,Project Closed,2008-12-31,10950,2038-12-24,Confidential,,ToBeDefined,PLANET,PLANET,ToBeDefined,,ToBeDefined
26009,Rome ,Italy,INGEGNERIA,PRJ050,EVT+30Y,Manufacturing Quality Control Reports and Reviews,,,2141,Refinery Expansion - 2005 Specs,#N/A,Project Closed,2008-12-31,10950,2038-12-24,Confidential,,ToBeDefined,PLANET,PLANET,ToBeDefined,,ToBeDefined
26010,Rome ,Italy,INGEGNERIA,PRJ050,EVT+30Y,Manufacturing Quality Control Reports and Reviews,,,2141,Refinery Expansion - 2005 Specs,#N/A,Project Closed,2008-12-31,10950,2038-12-24,Confidential,,ToBeDefined,PLANET,PLANET,ToBeDefined,,ToBeDefined
26011,Rome ,Italy,INGEGNERIA,PRJ050,EVT+30Y,Manufacturing Quality Control Reports and Reviews,,,2141,Refinery Expansion - 2005 Specs,#N/A,Project Closed,2008-12-31,10950,2038-12-24,Confidential,,ToBeDefined,PLANET,PLANET,ToBeDefined,,ToBeDefined
26012,Rome ,Italy,INGEGNERIA,PRJ050,EVT+30Y,Manufacturing Quality Control Reports and Reviews,,,2141,Refinery Expansion - 2005 Specs,#N/A,Project Closed,2008-12-31,10950,2038-12-24,Confidential,,ToBeDefined,PLANET,PLANET,ToBeDefined,,ToBeDefined
26013,Rome ,Italy,INGEGNERIA,PRJ050,EVT+30Y,Manufacturing Quality Control Reports and Reviews,,,2141,Refinery Expansion - 2005 Specs,#N/A,Project Closed,2008-12-31,10950,2038-12-24,Confidential,,ToBeDefined,PLANET,PLANET,ToBeDefined,,ToBeDefined
26014,Rome ,Italy,INGEGNERIA,PRJ050,EVT+30Y,Manufacturing Quality Control Reports and Reviews,,,2141,Refinery Expansion - 2005 Specs,#N/A,Project Closed,2008-12-31,10950,2038-12-24,Confidential,,ToBeDefined,PLANET,PLANET,ToBeDefined,,ToBeDefined
26015,Rome ,Italy,INGEGNERIA,PRJ050,EVT+30Y,Manufacturing Quality Control Reports and Reviews,,,2141,Refinery Expansion - 2005 Specs,#N/A,Project Closed,2008-12-31,10950,2038-12-24,Confidential,,ToBeDefined,PLANET,PLANET,ToBeDefined,,ToBeDefined
26016,Rome ,Italy,INGEGNERIA,PRJ050,EVT+30Y,Manufacturing Quality Control Reports and Reviews,,,2141,Refinery Expansion - 2005 Specs,#N/A,Project Closed,2008-12-31,10950,2038-12-24,Confidential,,ToBeDefined,PLANET,PLANET,ToBeDefined,,ToBeDefined
26017,Rome ,Italy,INGEGNERIA,PRJ050,EVT+30Y,Manufacturing Quality Control Reports and Reviews,,,2141,Refinery Expansion - 2005 Specs,#N/A,Project Closed,2008-12-31,10950,2038-12-24,Confidential,,ToBeDefined,PLANET,PLANET,ToBeDefined,,ToBeDefined
26018,Rome ,Italy,INGEGNERIA,PRJ050,EVT+30Y,Manufacturing Quality Control Reports and Reviews,,,2141,Refinery Expansion - 2005 Specs,#N/A,Project Closed,2008-12-31,10950,2038-12-24,Confidential,,ToBeDefined,PLANET,PLANET,ToBeDefined,,ToBeDefined
26019,Rome ,Italy,INGEGNERIA,PRJ050,EVT+30Y,Manufacturing Quality Control Reports and Reviews,,,2141,Refinery Expansion - 2005 Specs,#N/A,Project Closed,2008-12-31,10950,2038-12-24,Confidential,,ToBeDefined,PLANET,PLANET,ToBeDefined,,ToBeDefined
26020,Rome ,Italy,INGEGNERIA,PRJ050,EVT+30Y,Manufacturing Quality Control Reports and Reviews,,,2141,Refinery Expansion - 2005 Specs,#N/A,Project Closed,2008-12-31,10950,2038-12-24,Confidential,,ToBeDefined,PLANET,PLANET,ToBeDefined,,ToBeDefined
26021,Rome ,Italy,INGEGNERIA,PRJ050,EVT+30Y,Manufacturing Quality Control Reports and Reviews,,,2141,Refinery Expansion - 2005 Specs,#N/A,Project Closed,2008-12-31,10950,2038-12-24,Confidential,,ToBeDefined,PLANET,PLANET,ToBeDefined,,ToBeDefined
26022,Rome ,Italy,INGEGNERIA,PRJ050,EVT+30Y,Manufacturing Quality Control Reports and Reviews,,,2141,Refinery Expansion - 2005 Specs,#N/A,Project Closed,2008-12-31,10950,2038-12-24,Confidential,,ToBeDefined,PLANET,PLANET,ToBeDefined,,ToBeDefined
26023,Rome ,Italy,INGEGNERIA,PRJ050,EVT+30Y,Manufacturing Quality Control Reports and Reviews,,,2141,Refinery Expansion - 2005 Specs,#N/A,Project Closed,2008-12-31,10950,2038-12-24,Confidential,,ToBeDefined,PLANET,PLANET,ToBeDefined,,ToBeDefined
26024,Rome ,Italy,INGEGNERIA,PRJ050,EVT+30Y,Manufacturing Quality Control Reports and Reviews,,,2141,Refinery Expansion - 2005 Specs,#N/A,Project Closed,2008-12-31,10950,2038-12-24,Confidential,,ToBeDefined,PLANET,PLANET,ToBeDefined,,ToBeDefined
26025,Rome ,Italy,INGEGNERIA,PRJ050,EVT+30Y,Manufacturing Quality Control Reports and Reviews,,,2141,Refinery Expansion - 2005 Specs,#N/A,Project Closed,2008-12-31,10950,2038-12-24,Confidential,,ToBeDefined,PLANET,PLANET,ToBeDefined,,ToBeDefined
26026,Rome ,Italy,INGEGNERIA,PRJ050,EVT+30Y,Manufacturing Quality Control Reports and Reviews,,,2141,Refinery Expansion - 2005 Specs,#N/A,Project Closed,2008-12-31,10950,2038-12-24,Confidential,,ToBeDefined,PLANET,PLANET,ToBeDefined,,ToBeDefined
26027,Rome ,Italy,INGEGNERIA,PRJ050,EVT+30Y,Manufacturing Quality Control Reports and Reviews,,,2141,Refinery Expansion - 2005 Specs,#N/A,Project Closed,2008-12-31,10950,2038-12-24,Confidential,,ToBeDefined,PLANET,PLANET,ToBeDefined,,ToBeDefined
26028,Rome ,Italy,INGEGNERIA,PRJ050,EVT+30Y,Manufacturing Quality Control Reports and Reviews,,,2141,Refinery Expansion - 2005 Specs,#N/A,Project Closed,2008-12-31,10950,2038-12-24,Confidential,,ToBeDefined,PLANET,PLANET,ToBeDefined,,ToBeDefined
26029,Rome ,Italy,INGEGNERIA,PRJ050,EVT+30Y,Manufacturing Quality Control Reports and Reviews,,,2141,Refinery Expansion - 2005 Specs,#N/A,Project Closed,2008-12-31,10950,2038-12-24,Confidential,,ToBeDefined,PLANET,PLANET,ToBeDefined,,ToBeDefined
26030,Rome ,Italy,INGEGNERIA,PRJ050,EVT+30Y,Manufacturing Quality Control Reports and Reviews,,,2141,Refinery Expansion - 2005 Specs,#N/A,Project Closed,2008-12-31,10950,2038-12-24,Confidential,,ToBeDefined,PLANET,PLANET,ToBeDefined,,ToBeDefined
26031,Rome ,Italy,INGEGNERIA,PRJ050,EVT+30Y,Manufacturing Quality Control Reports and Reviews,,,2141,Refinery Expansion - 2005 Specs,#N/A,Project Closed,2008-12-31,10950,2038-12-24,Confidential,,ToBeDefined,PLANET,PLANET,ToBeDefined,,ToBeDefined
26032,Rome ,Italy,INGEGNERIA,PRJ050,EVT+30Y,Manufacturing Quality Control Reports and Reviews,,,2141,Refinery Expansion - 2005 Specs,#N/A,Project Closed,2008-12-31,10950,2038-12-24,Confidential,,ToBeDefined,PLANET,PLANET,ToBeDefined,,ToBeDefined
26033,Rome ,Italy,INGEGNERIA,PRJ050,EVT+30Y,Manufacturing Quality Control Reports and Reviews,,,2141,Refinery Expansion - 2005 Specs,#N/A,Project Closed,2008-12-31,10950,2038-12-24,Confidential,,ToBeDefined,PLANET,PLANET,ToBeDefined,,ToBeDefined
26034,Rome ,Italy,INGEGNERIA,PRJ050,EVT+30Y,Manufacturing Quality Control Reports and Reviews,,,2141,Refinery Expansion - 2005 Specs,#N/A,Project Closed,2008-12-31,10950,2038-12-24,Confidential,,ToBeDefined,PLANET,PLANET,ToBeDefined,,ToBeDefined
26035,Rome ,Italy,INGEGNERIA,PRJ050,EVT+30Y,Manufacturing Quality Control Reports and Reviews,,,2141,Refinery Expansion - 2005 Specs,#N/A,Project Closed,2008-12-31,10950,2038-12-24,Confidential,,ToBeDefined,PLANET,PLANET,ToBeDefined,,ToBeDefined
26036,Rome ,Italy,INGEGNERIA,ToBeDefined,EVT+30Y,Engineering Administration,,,2141,Refinery Expansion - 2005 Specs,#N/A,Project Closed,2008-12-31,10950,2038-12-24,Confidential,,ToBeDefined,PLANET,PLANET,ToBeDefined,,ToBeDefined
26037,Rome ,Italy,INGEGNERIA,ToBeDefined,EVT+30Y,Engineering Administration,,,2141,Refinery Expansion - 2005 Specs,#N/A,Project Closed,2008-12-31,10950,2038-12-24,Confidential,,ToBeDefined,PLANET,PLANET,ToBeDefined,,ToBeDefined
26038,Rome ,Italy,INGEGNERIA,ToBeDefined,EVT+30Y,Engineering Administration,,,2141,Refinery Expansion - 2005 Specs,#N/A,Project Closed,2008-12-31,10950,2038-12-24,Confidential,,ToBeDefined,PLANET,PLANET,ToBeDefined,,ToBeDefined
26039,Rome ,Italy,INGEGNERIA,ToBeDefined,EVT+30Y,Engineering Administration,,,2141,Refinery Expansion - 2005 Specs,#N/A,Project Closed,2008-12-31,10950,2038-12-24,Confidential,,ToBeDefined,PLANET,PLANET,ToBeDefined,,ToBeDefined
26040,Rome ,Italy,INGEGNERIA,ToBeDefined,EVT+30Y,Engineering Administration,,,2141,Refinery Expansion - 2005 Specs,#N/A,Project Closed,2008-12-31,10950,2038-12-24,Confidential,,ToBeDefined,PLANET,PLANET,ToBeDefined,,ToBeDefined
26041,Rome ,Italy,INGEGNERIA,PRJ020,EVT+30Y,Engineering Design Records,,,2141,Refinery Expansion - 2005 Specs,#N/A,Project and Warranty Closed,2008-12-31,10950,2038-12-24,Confidential,,ToBeDefined,PLANET,PLANET,ToBeDefined,,ToBeDefined
26042,Rome ,Italy,INGEGNERIA,PRJ020,EVT+30Y,Engineering Design Records,,,2141,Refinery Expansion - 2005 Specs,#N/A,Project and Warranty Closed,2008-12-31,10950,2038-12-24,Confidential,,ToBeDefined,PLANET,PLANET,ToBeDefined,,ToBeDefined
26043,Rome ,Italy,INGEGNERIA,PRJ020,EVT+30Y,Engineering Design Records,,,2141,Refinery Expansion - 2005 Specs,#N/A,Project and Warranty Closed,2008-12-31,10950,2038-12-24,Confidential,,ToBeDefined,PLANET,PLANET,ToBeDefined,,ToBeDefined
26044,Rome ,Italy,INGEGNERIA,PRJ020,EVT+30Y,Engineering Design Records,,,2141,Refinery Expansion - 2005 Specs,#N/A,Project and Warranty Closed,2008-12-31,10950,2038-12-24,Confidential,,ToBeDefined,PLANET,PLANET,ToBeDefined,,ToBeDefined
26045,Rome ,Italy,INGEGNERIA,PRJ020,EVT+30Y,Engineering Design Records,,,2141,Refinery Expansion - 2005 Specs,#N/A,Project and Warranty Closed,2008-12-31,10950,2038-12-24,Confidential,,ToBeDefined,PLANET,PLANET,ToBeDefined,,ToBeDefined
26046,Rome ,Italy,INGEGNERIA,PRJ020,EVT+30Y,Engineering Design Records,,,2141,Refinery Expansion - 2005 Specs,#N/A,Project and Warranty Closed,2008-12-31,10950,2038-12-24,Confidential,,ToBeDefined,PLANET,PLANET,ToBeDefined,,ToBeDefined
26047,Rome ,Italy,INGEGNERIA,PRJ020,EVT+30Y,Engineering Design Records,,,2141,Refinery Expansion - 2005 Specs,#N/A,Project and Warranty Closed,2008-12-31,10950,2038-12-24,Confidential,,ToBeDefined,PLANET,PLANET,ToBeDefined,,ToBeDefined
26056,Rome ,Italy,INGEGNERIA,ToBeDefined,EVT+30Y,Engineering Administration,,,2141,Refinery Expansion - 2005 Specs,#N/A,Project Closed,2008-12-31,10950,2038-12-24,Confidential,,ToBeDefined,PLANET,PLANET,ToBeDefined,,ToBeDefined
26057,Rome ,Italy,INGEGNERIA,ToBeDefined,EVT+30Y,Engineering Administration,,,2141,Refinery Expansion - 2005 Specs,#N/A,Project Closed,2008-12-31,10950,2038-12-24,Confidential,,ToBeDefined,PLANET,PLANET,ToBeDefined,,ToBeDefined
26058,Rome ,Italy,INGEGNERIA,ToBeDefined,EVT+30Y,Engineering Administration,,,2141,Refinery Expansion - 2005 Specs,#N/A,Project Closed,2008-12-31,10950,2038-12-24,Confidential,,ToBeDefined,PLANET,PLANET,ToBeDefined,,ToBeDefined
26059,Rome ,Italy,INGEGNERIA,ToBeDefined,EVT+30Y,Engineering Administration,,,2141,Refinery Expansion - 2005 Specs,#N/A,Project Closed,2008-12-31,10950,2038-12-24,Confidential,,ToBeDefined,PLANET,PLANET,ToBeDefined,,ToBeDefined
26060,Rome ,Italy,INGEGNERIA,ToBeDefined,EVT+30Y,Engineering Administration,,,2141,Refinery Expansion - 2005 Specs,#N/A,Project Closed,2008-12-31,10950,2038-12-24,Confidential,,ToBeDefined,PLANET,PLANET,ToBeDefined,,ToBeDefined
26061,Rome ,Italy,INGEGNERIA,ToBeDefined,EVT+30Y,Engineering Administration,,,2141,Refinery Expansion - 2005 Specs,#N/A,Project Closed,2008-12-31,10950,2038-12-24,Confidential,,ToBeDefined,PLANET,PLANET,ToBeDefined,,ToBeDefined
26062,Rome ,Italy,INGEGNERIA,ToBeDefined,EVT+30Y,Engineering Administration,,,2141,Refinery Expansion - 2005 Specs,#N/A,Project Closed,2008-12-31,10950,2038-12-24,Confidential,,ToBeDefined,PLANET,PLANET,ToBeDefined,,ToBeDefined
26063,Rome ,Italy,INGEGNERIA,ToBeDefined,EVT+30Y,Engineering Administration,,,2141,Refinery Expansion - 2005 Specs,#N/A,Project Closed,2008-12-31,10950,2038-12-24,Confidential,,ToBeDefined,PLANET,PLANET,ToBeDefined,,ToBeDefined
26064,Rome ,Italy,INGEGNERIA,ToBeDefined,EVT+30Y,Engineering Administration,,,2141,Refinery Expansion - 2005 Specs,#N/A,Project Closed,2008-12-31,10950,2038-12-24,Confidential,,ToBeDefined,PLANET,PLANET,ToBeDefined,,ToBeDefined
26175,Rome ,Italy,INGEGNERIA,PRJ020,EVT+30Y,Engineering Design Records,,,2141,Refinery Expansion - 2005 Specs,#N/A,Project and Warranty Closed,2008-12-31,10950,2038-12-24,Confidential,,ToBeDefined,PLANET,PLANET,ToBeDefined,,ToBeDefined
26176,Rome ,Italy,INGEGNERIA,PRJ020,EVT+30Y,Engineering Design Records,,,2141,Refinery Expansion - 2005 Specs,#N/A,Project and Warranty Closed,2008-12-31,10950,2038-12-24,Confidential,,ToBeDefined,PLANET,PLANET,ToBeDefined,,ToBeDefined
26177,Rome ,Italy,INGEGNERIA,PRJ020,EVT+30Y,Engineering Design Records,,,2141,Refinery Expansion - 2005 Specs,#N/A,Project and Warranty Closed,2008-12-31,10950,2038-12-24,Confidential,,ToBeDefined,PLANET,PLANET,ToBeDefined,,ToBeDefined
26178,Rome ,Italy,INGEGNERIA,PRJ020,EVT+30Y,Engineering Design Records,,,2141,Refinery Expansion - 2005 Specs,#N/A,Project and Warranty Closed,2008-12-31,10950,2038-12-24,Confidential,,ToBeDefined,PLANET,PLANET,ToBeDefined,,ToBeDefined
26179,Rome ,Italy,INGEGNERIA,PRJ020,EVT+30Y,Engineering Design Records,,,2141,Refinery Expansion - 2005 Specs,#N/A,Project and Warranty Closed,2008-12-31,10950,2038-12-24,Confidential,,ToBeDefined,PLANET,PLANET,ToBeDefined,,ToBeDefined
26180,Rome ,Italy,INGEGNERIA,PRJ020,EVT+30Y,Engineering Design Records,,,2141,Refinery Expansion - 2005 Specs,#N/A,Project and Warranty Closed,2008-12-31,10950,2038-12-24,Confidential,,ToBeDefined,PLANET,PLANET,ToBeDefined,,ToBeDefined
26181,Rome ,Italy,INGEGNERIA,PRJ020,EVT+30Y,Engineering Design Records,,,2141,Refinery Expansion - 2005 Specs,#N/A,Project and Warranty Closed,2008-12-31,10950,2038-12-24,Confidential,,ToBeDefined,PLANET,PLANET,ToBeDefined,,ToBeDefined
26182,Rome ,Italy,INGEGNERIA,PRJ020,EVT+30Y,Engineering Design Records,,,2141,Refinery Expansion - 2005 Specs,#N/A,Project and Warranty Closed,2008-12-31,10950,2038-12-24,Confidential,,ToBeDefined,PLANET,PLANET,ToBeDefined,,ToBeDefined
26183,Rome ,Italy,INGEGNERIA,PRJ020,EVT+30Y,Engineering Design Records,,,2141,Refinery Expansion - 2005 Specs,#N/A,Project and Warranty Closed,2008-12-31,10950,2038-12-24,Confidential,,ToBeDefined,PLANET,PLANET,ToBeDefined,,ToBeDefined
26184,Rome ,Italy,INGEGNERIA,PRJ020,EVT+30Y,Engineering Design Records,,,2141,Refinery Expansion - 2005 Specs,#N/A,Project and Warranty Closed,2008-12-31,10950,2038-12-24,Confidential,,ToBeDefined,PLANET,PLANET,ToBeDefined,,ToBeDefined
26185,Rome ,Italy,INGEGNERIA,PRJ020,EVT+30Y,Engineering Design Records,,,2141,Refinery Expansion - 2005 Specs,#N/A,Project and Warranty Closed,2008-12-31,10950,2038-12-24,Confidential,,ToBeDefined,PLANET,PLANET,ToBeDefined,,ToBeDefined
26186,Rome ,Italy,INGEGNERIA,PRJ020,EVT+30Y,Engineering Design Records,,,2141,Refinery Expansion - 2005 Specs,#N/A,Project and Warranty Closed,2008-12-31,10950,2038-12-24,Confidential,,ToBeDefined,PLANET,PLANET,ToBeDefined,,ToBeDefined
26187,Rome ,Italy,INGEGNERIA,PRJ020,EVT+30Y,Engineering Design Records,,,2141,Refinery Expansion - 2005 Specs,#N/A,Project and Warranty Closed,2008-12-31,10950,2038-12-24,Confidential,,ToBeDefined,PLANET,PLANET,ToBeDefined,,ToBeDefined
26188,Rome ,Italy,INGEGNERIA,PRJ020,EVT+30Y,Engineering Design Records,,,2141,Refinery Expansion - 2005 Specs,#N/A,Project and Warranty Closed,2008-12-31,10950,2038-12-24,Confidential,,ToBeDefined,PLANET,PLANET,ToBeDefined,,ToBeDefined
26189,Rome ,Italy,INGEGNERIA,PRJ060,EVT+30Y,Manufacturing Vendor / Subcontractor Documentation,,,2141,Refinery Expansion - 2005 Specs,#N/A,ToBeDefined,2008-12-31,0,2008-12-31,ToBeDefined,,ToBeDefined,PLANET,PLANET,ToBeDefined,,ToBeDefined
26190,Rome ,Italy,INGEGNERIA,PRJ060,EVT+30Y,Manufacturing Vendor / Subcontractor Documentation,,,2141,Refinery Expansion - 2005 Specs,#N/A,ToBeDefined,2008-12-31,0,2008-12-31,ToBeDefined,,ToBeDefined,PLANET,PLANET,ToBeDefined,,ToBeDefined
26191,Rome ,Italy,INGEGNERIA,PRJ060,EVT+30Y,Manufacturing Vendor / Subcontractor Documentation,,,2141,Refinery Expansion - 2005 Specs,#N/A,ToBeDefined,2008-12-31,0,2008-12-31,ToBeDefined,,ToBeDefined,PLANET,PLANET,ToBeDefined,,ToBeDefined
26192,Rome ,Italy,INGEGNERIA,PRJ060,EVT+30Y,Manufacturing Vendor / Subcontractor Documentation,,,2141,Refinery Expansion - 2005 Specs,#N/A,ToBeDefined,2008-12-31,0,2008-12-31,ToBeDefined,,ToBeDefined,PLANET,PLANET,ToBeDefined,,ToBeDefined
26193,Rome ,Italy,INGEGNERIA,PRJ060,EVT+30Y,Manufacturing Vendor / Subcontractor Documentation,,,2141,Refinery Expansion - 2005 Specs,#N/A,ToBeDefined,2008-12-31,0,2008-12-31,ToBeDefined,,ToBeDefined,PLANET,PLANET,ToBeDefined,,ToBeDefined
26194,Rome ,Italy,INGEGNERIA,PRJ060,EVT+30Y,Manufacturing Vendor / Subcontractor Documentation,,,2141,Refinery Expansion - 2005 Specs,#N/A,ToBeDefined,2008-12-31,0,2008-12-31,ToBeDefined,,ToBeDefined,PLANET,PLANET,ToBeDefined,,ToBeDefined
26195,Rome ,Italy,INGEGNERIA,PRJ060,EVT+30Y,Manufacturing Vendor / Subcontractor Documentation,,,2141,Refinery Expansion - 2005 Specs,#N/A,ToBeDefined,2008-12-31,0,2008-12-31,ToBeDefined,,ToBeDefined,PLANET,PLANET,ToBeDefined,,ToBeDefined
26196,Rome ,Italy,INGEGNERIA,PRJ060,EVT+30Y,Manufacturing Vendor / Subcontractor Documentation,,,2141,Refinery Expansion - 2005 Specs,#N/A,ToBeDefined,2008-12-31,0,2008-12-31,ToBeDefined,,ToBeDefined,PLANET,PLANET,ToBeDefined,,ToBeDefined
26197,Rome ,Italy,INGEGNERIA,PRJ060,EVT+30Y,Manufacturing Vendor / Subcontractor Documentation,,,2141,Refinery Expansion - 2005 Specs,#N/A,ToBeDefined,2008-12-31,0,2008-12-31,ToBeDefined,,ToBeDefined,PLANET,PLANET,ToBeDefined,,ToBeDefined
26198,Rome ,Italy,INGEGNERIA,PRJ060,EVT+30Y,Manufacturing Vendor / Subcontractor Documentation,,,2141,Refinery Expansion - 2005 Specs,#N/A,ToBeDefined,2008-12-31,0,2008-12-31,ToBeDefined,,ToBeDefined,PLANET,PLANET,ToBeDefined,,ToBeDefined
26199,Rome ,Italy,INGEGNERIA,PRJ060,EVT+30Y,Manufacturing Vendor / Subcontractor Documentation,,,2141,Refinery Expansion - 2005 Specs,#N/A,ToBeDefined,2008-12-31,0,2008-12-31,ToBeDefined,,ToBeDefined,PLANET,PLANET,ToBeDefined,,ToBeDefined
26200,Rome ,Italy,INGEGNERIA,PRJ060,EVT+30Y,Manufacturing Vendor / Subcontractor Documentation,,,2141,Refinery Expansion - 2005 Specs,#N/A,ToBeDefined,2008-12-31,0,2008-12-31,ToBeDefined,,ToBeDefined,PLANET,PLANET,ToBeDefined,,ToBeDefined
26201,Rome ,Italy,INGEGNERIA,PRJ060,EVT+30Y,Manufacturing Vendor / Subcontractor Documentation,,,2141,Refinery Expansion - 2005 Specs,#N/A,ToBeDefined,2008-12-31,0,2008-12-31,ToBeDefined,,ToBeDefined,PLANET,PLANET,ToBeDefined,,ToBeDefined
26202,Rome ,Italy,INGEGNERIA,PRJ060,EVT+30Y,Manufacturing Vendor / Subcontractor Documentation,,,2141,Refinery Expansion - 2005 Specs,#N/A,ToBeDefined,2008-12-31,0,2008-12-31,ToBeDefined,,ToBeDefined,PLANET,PLANET,ToBeDefined,,ToBeDefined
26203,Rome ,Italy,INGEGNERIA,PRJ060,EVT+30Y,Manufacturing Vendor / Subcontractor Documentation,,,2141,Refinery Expansion - 2005 Specs,#N/A,ToBeDefined,2008-12-31,0,2008-12-31,ToBeDefined,,ToBeDefined,PLANET,PLANET,ToBeDefined,,ToBeDefined
26204,Rome ,Italy,INGEGNERIA,PRJ060,EVT+30Y,Manufacturing Vendor / Subcontractor Documentation,,,2141,Refinery Expansion - 2005 Specs,#N/A,ToBeDefined,2008-12-31,0,2008-12-31,ToBeDefined,,ToBeDefined,PLANET,PLANET,ToBeDefined,,ToBeDefined
26205,Rome ,Italy,INGEGNERIA,PRJ060,EVT+30Y,Manufacturing Vendor / Subcontractor Documentation,,,2141,Refinery Expansion - 2005 Specs,#N/A,ToBeDefined,2008-12-31,0,2008-12-31,ToBeDefined,,ToBeDefined,PLANET,PLANET,ToBeDefined,,ToBeDefined
26206,Rome ,Italy,INGEGNERIA,PRJ060,EVT+30Y,Manufacturing Vendor / Subcontractor Documentation,,,2141,Refinery Expansion - 2005 Specs,#N/A,ToBeDefined,2008-12-31,0,2008-12-31,ToBeDefined,,ToBeDefined,PLANET,PLANET,ToBeDefined,,ToBeDefined
26207,Rome ,Italy,INGEGNERIA,PRJ060,EVT+30Y,Manufacturing Vendor / Subcontractor Documentation,,,2141,Refinery Expansion - 2005 Specs,#N/A,ToBeDefined,2008-12-31,0,2008-12-31,ToBeDefined,,ToBeDefined,PLANET,PLANET,ToBeDefined,,ToBeDefined
26208,Rome ,Italy,INGEGNERIA,PRJ060,EVT+30Y,Manufacturing Vendor / Subcontractor Documentation,,,2141,Refinery Expansion - 2005 Specs,#N/A,ToBeDefined,2008-12-31,0,2008-12-31,ToBeDefined,,ToBeDefined,PLANET,PLANET,ToBeDefined,,ToBeDefined
26209,Rome ,Italy,INGEGNERIA,PRJ060,EVT+30Y,Manufacturing Vendor / Subcontractor Documentation,,,2141,Refinery Expansion - 2005 Specs,#N/A,ToBeDefined,2008-12-31,0,2008-12-31,ToBeDefined,,ToBeDefined,PLANET,PLANET,ToBeDefined,,ToBeDefined
26210,Rome ,Italy,INGEGNERIA,PRJ060,EVT+30Y,Manufacturing Vendor / Subcontractor Documentation,,,2141,Refinery Expansion - 2005 Specs,#N/A,ToBeDefined,2008-12-31,0,2008-12-31,ToBeDefined,,ToBeDefined,PLANET,PLANET,ToBeDefined,,ToBeDefined
26211,Rome ,Italy,INGEGNERIA,PRJ060,EVT+30Y,Manufacturing Vendor / Subcontractor Documentation,,,2141,Refinery Expansion - 2005 Specs,#N/A,ToBeDefined,2008-12-31,0,2008-12-31,ToBeDefined,,ToBeDefined,PLANET,PLANET,ToBeDefined,,ToBeDefined
26212,Rome ,Italy,INGEGNERIA,PRJ060,EVT+30Y,Manufacturing Vendor / Subcontractor Documentation,,,2141,Refinery Expansion - 2005 Specs,#N/A,ToBeDefined,2008-12-31,0,2008-12-31,ToBeDefined,,ToBeDefined,PLANET,PLANET,ToBeDefined,,ToBeDefined
26213,Rome ,Italy,INGEGNERIA,PRJ060,EVT+30Y,Manufacturing Vendor / Subcontractor Documentation,,,2141,Refinery Expansion - 2005 Specs,#N/A,ToBeDefined,2008-12-31,0,2008-12-31,ToBeDefined,,ToBeDefined,PLANET,PLANET,ToBeDefined,,ToBeDefined
26214,Rome ,Italy,INGEGNERIA,PRJ060,EVT+30Y,Manufacturing Vendor / Subcontractor Documentation,,,2141,Refinery Expansion - 2005 Specs,#N/A,ToBeDefined,2008-12-31,0,2008-12-31,ToBeDefined,,ToBeDefined,PLANET,PLANET,ToBeDefined,,ToBeDefined
26215,Rome ,Italy,INGEGNERIA,PRJ060,EVT+30Y,Manufacturing Vendor / Subcontractor Documentation,,,2141,Refinery Expansion - 2005 Specs,#N/A,ToBeDefined,2008-12-31,0,2008-12-31,ToBeDefined,,ToBeDefined,PLANET,PLANET,ToBeDefined,,ToBeDefined
26216,Rome ,Italy,INGEGNERIA,PRJ060,EVT+30Y,Manufacturing Vendor / Subcontractor Documentation,,,2141,Refinery Expansion - 2005 Specs,#N/A,ToBeDefined,2008-12-31,0,2008-12-31,ToBeDefined,,ToBeDefined,PLANET,PLANET,ToBeDefined,,ToBeDefined
26217,Rome ,Italy,INGEGNERIA,PRJ060,EVT+30Y,Manufacturing Vendor / Subcontractor Documentation,,,2141,Refinery Expansion - 2005 Specs,#N/A,ToBeDefined,2008-12-31,0,2008-12-31,ToBeDefined,,ToBeDefined,PLANET,PLANET,ToBeDefined,,ToBeDefined
26218,Rome ,Italy,INGEGNERIA,PRJ060,EVT+30Y,Manufacturing Vendor / Subcontractor Documentation,,,2141,Refinery Expansion - 2005 Specs,#N/A,ToBeDefined,2008-12-31,0,2008-12-31,ToBeDefined,,ToBeDefined,PLANET,PLANET,ToBeDefined,,ToBeDefined
26219,Rome ,Italy,INGEGNERIA,PRJ060,EVT+30Y,Manufacturing Vendor / Subcontractor Documentation,,,2141,Refinery Expansion - 2005 Specs,#N/A,ToBeDefined,2008-12-31,0,2008-12-31,ToBeDefined,,ToBeDefined,PLANET,PLANET,ToBeDefined,,ToBeDefined
26220,Rome ,Italy,INGEGNERIA,PRJ060,EVT+30Y,Manufacturing Vendor / Subcontractor Documentation,,,2141,Refinery Expansion - 2005 Specs,#N/A,ToBeDefined,2008-12-31,0,2008-12-31,ToBeDefined,,ToBeDefined,PLANET,PLANET,ToBeDefined,,ToBeDefined
26221,Rome ,Italy,INGEGNERIA,PRJ060,EVT+30Y,Manufacturing Vendor / Subcontractor Documentation,,,2141,Refinery Expansion - 2005 Specs,#N/A,ToBeDefined,2008-12-31,0,2008-12-31,ToBeDefined,,ToBeDefined,PLANET,PLANET,ToBeDefined,,ToBeDefined
26222,Rome ,Italy,INGEGNERIA,PRJ060,EVT+30Y,Manufacturing Vendor / Subcontractor Documentation,,,2141,Refinery Expansion - 2005 Specs,#N/A,ToBeDefined,2008-12-31,0,2008-12-31,ToBeDefined,,ToBeDefined,PLANET,PLANET,ToBeDefined,,ToBeDefined
26223,Rome ,Italy,INGEGNERIA,PRJ060,EVT+30Y,Manufacturing Vendor / Subcontractor Documentation,,,2141,Refinery Expansion - 2005 Specs,#N/A,ToBeDefined,2008-12-31,0,2008-12-31,ToBeDefined,,ToBeDefined,PLANET,PLANET,ToBeDefined,,ToBeDefined
26224,Rome ,Italy,INGEGNERIA,PRJ060,EVT+30Y,Manufacturing Vendor / Subcontractor Documentation,,,2141,Refinery Expansion - 2005 Specs,#N/A,ToBeDefined,2008-12-31,0,2008-12-31,ToBeDefined,,ToBeDefined,PLANET,PLANET,ToBeDefined,,ToBeDefined
26225,Rome ,Italy,INGEGNERIA,PRJ060,EVT+30Y,Manufacturing Vendor / Subcontractor Documentation,,,2141,Refinery Expansion - 2005 Specs,#N/A,ToBeDefined,2008-12-31,0,2008-12-31,ToBeDefined,,ToBeDefined,PLANET,PLANET,ToBeDefined,,ToBeDefined
26226,Rome ,Italy,INGEGNERIA,PRJ060,EVT+30Y,Manufacturing Vendor / Subcontractor Documentation,,,2141,Refinery Expansion - 2005 Specs,#N/A,ToBeDefined,2008-12-31,0,2008-12-31,ToBeDefined,,ToBeDefined,PLANET,PLANET,ToBeDefined,,ToBeDefined
26227,Rome ,Italy,INGEGNERIA,PRJ060,EVT+30Y,Manufacturing Vendor / Subcontractor Documentation,,,2141,Refinery Expansion - 2005 Specs,#N/A,ToBeDefined,2008-12-31,0,2008-12-31,ToBeDefined,,ToBeDefined,PLANET,PLANET,ToBeDefined,,ToBeDefined
26228,Rome ,Italy,INGEGNERIA,PRJ060,EVT+30Y,Manufacturing Vendor / Subcontractor Documentation,,,2141,Refinery Expansion - 2005 Specs,#N/A,ToBeDefined,2008-12-31,0,2008-12-31,ToBeDefined,,ToBeDefined,PLANET,PLANET,ToBeDefined,,ToBeDefined
26229,Rome ,Italy,INGEGNERIA,PRJ060,EVT+30Y,Manufacturing Vendor / Subcontractor Documentation,,,2141,Refinery Expansion - 2005 Specs,#N/A,ToBeDefined,2008-12-31,0,2008-12-31,ToBeDefined,,ToBeDefined,PLANET,PLANET,ToBeDefined,,ToBeDefined
26230,Rome ,Italy,INGEGNERIA,PRJ060,EVT+30Y,Manufacturing Vendor / Subcontractor Documentation,,,2141,Refinery Expansion - 2005 Specs,#N/A,ToBeDefined,2008-12-31,0,2008-12-31,ToBeDefined,,ToBeDefined,PLANET,PLANET,ToBeDefined,,ToBeDefined
26231,Rome ,Italy,INGEGNERIA,PRJ060,EVT+30Y,Manufacturing Vendor / Subcontractor Documentation,,,2141,Refinery Expansion - 2005 Specs,#N/A,ToBeDefined,2008-12-31,0,2008-12-31,ToBeDefined,,ToBeDefined,PLANET,PLANET,ToBeDefined,,ToBeDefined
26232,Rome ,Italy,INGEGNERIA,PRJ060,EVT+30Y,Manufacturing Vendor / Subcontractor Documentation,,,2141,Refinery Expansion - 2005 Specs,#N/A,ToBeDefined,2008-12-31,0,2008-12-31,ToBeDefined,,ToBeDefined,PLANET,PLANET,ToBeDefined,,ToBeDefined
26233,Rome ,Italy,INGEGNERIA,PRJ060,EVT+30Y,Manufacturing Vendor / Subcontractor Documentation,,,2141,Refinery Expansion - 2005 Specs,#N/A,ToBeDefined,2008-12-31,0,2008-12-31,ToBeDefined,,ToBeDefined,PLANET,PLANET,ToBeDefined,,ToBeDefined
26234,Rome ,Italy,INGEGNERIA,PRJ060,EVT+30Y,Manufacturing Vendor / Subcontractor Documentation,,,2141,Refinery Expansion - 2005 Specs,#N/A,ToBeDefined,2008-12-31,0,2008-12-31,ToBeDefined,,ToBeDefined,PLANET,PLANET,ToBeDefined,,ToBeDefined
26235,Rome ,Italy,INGEGNERIA,PRJ060,EVT+30Y,Manufacturing Vendor / Subcontractor Documentation,,,2141,Refinery Expansion - 2005 Specs,#N/A,ToBeDefined,2008-12-31,0,2008-12-31,ToBeDefined,,ToBeDefined,PLANET,PLANET,ToBeDefined,,ToBeDefined
26236,Rome ,Italy,INGEGNERIA,PRJ060,EVT+30Y,Manufacturing Vendor / Subcontractor Documentation,,,2141,Refinery Expansion - 2005 Specs,#N/A,ToBeDefined,2008-12-31,0,2008-12-31,ToBeDefined,,ToBeDefined,PLANET,PLANET,ToBeDefined,,ToBeDefined
26389,Rome ,Italy,INGEGNERIA,PRJ060,EVT+30Y,Manufacturing Vendor / Subcontractor Documentation,,,2141,Refinery Expansion - 2005 Specs,#N/A,ToBeDefined,2008-12-31,0,2008-12-31,ToBeDefined,,ToBeDefined,PLANET,PLANET,ToBeDefined,,ToBeDefined
26390,Rome ,Italy,INGEGNERIA,PRJ060,EVT+30Y,Manufacturing Vendor / Subcontractor Documentation,,,2141,Refinery Expansion - 2005 Specs,#N/A,ToBeDefined,2008-12-31,0,2008-12-31,ToBeDefined,,ToBeDefined,PLANET,PLANET,ToBeDefined,,ToBeDefined
26391,Rome ,Italy,INGEGNERIA,PRJ060,EVT+30Y,Manufacturing Vendor / Subcontractor Documentation,,,2141,Refinery Expansion - 2005 Specs,#N/A,ToBeDefined,2008-12-31,0,2008-12-31,ToBeDefined,,ToBeDefined,PLANET,PLANET,ToBeDefined,,ToBeDefined
26392,Rome ,Italy,INGEGNERIA,PRJ060,EVT+30Y,Manufacturing Vendor / Subcontractor Documentation,,,2141,Refinery Expansion - 2005 Specs,#N/A,ToBeDefined,2008-12-31,0,2008-12-31,ToBeDefined,,ToBeDefined,PLANET,PLANET,ToBeDefined,,ToBeDefined
26393,Rome ,Italy,INGEGNERIA,PRJ060,EVT+30Y,Manufacturing Vendor / Subcontractor Documentation,,,2141,Refinery Expansion - 2005 Specs,#N/A,ToBeDefined,2008-12-31,0,2008-12-31,ToBeDefined,,ToBeDefined,PLANET,PLANET,ToBeDefined,,ToBeDefined
26394,Rome ,Italy,INGEGNERIA,PRJ060,EVT+30Y,Manufacturing Vendor / Subcontractor Documentation,,,2141,Refinery Expansion - 2005 Specs,#N/A,ToBeDefined,2008-12-31,0,2008-12-31,ToBeDefined,,ToBeDefined,PLANET,PLANET,ToBeDefined,,ToBeDefined
26395,Rome ,Italy,INGEGNERIA,PRJ060,EVT+30Y,Manufacturing Vendor / Subcontractor Documentation,,,2141,Refinery Expansion - 2005 Specs,#N/A,ToBeDefined,2008-12-31,0,2008-12-31,ToBeDefined,,ToBeDefined,PLANET,PLANET,ToBeDefined,,ToBeDefined
26396,Rome ,Italy,INGEGNERIA,PRJ060,EVT+30Y,Manufacturing Vendor / Subcontractor Documentation,,,2141,Refinery Expansion - 2005 Specs,#N/A,ToBeDefined,2008-12-31,0,2008-12-31,ToBeDefined,,ToBeDefined,PLANET,PLANET,ToBeDefined,,ToBeDefined
26397,Rome ,Italy,INGEGNERIA,PRJ060,EVT+30Y,Manufacturing Vendor / Subcontractor Documentation,,,2141,Refinery Expansion - 2005 Specs,#N/A,ToBeDefined,2008-12-31,0,2008-12-31,ToBeDefined,,ToBeDefined,PLANET,PLANET,ToBeDefined,,ToBeDefined
26398,Rome ,Italy,INGEGNERIA,PRJ060,EVT+30Y,Manufacturing Vendor / Subcontractor Documentation,,,2141,Refinery Expansion - 2005 Specs,#N/A,ToBeDefined,2008-12-31,0,2008-12-31,ToBeDefined,,ToBeDefined,PLANET,PLANET,ToBeDefined,,ToBeDefined
26399,Rome ,Italy,INGEGNERIA,PRJ060,EVT+30Y,Manufacturing Vendor / Subcontractor Documentation,,,2141,Refinery Expansion - 2005 Specs,#N/A,ToBeDefined,2008-12-31,0,2008-12-31,ToBeDefined,,ToBeDefined,PLANET,PLANET,ToBeDefined,,ToBeDefined
26400,Rome ,Italy,INGEGNERIA,PRJ060,EVT+30Y,Manufacturing Vendor / Subcontractor Documentation,,,2141,Refinery Expansion - 2005 Specs,#N/A,ToBeDefined,2008-12-31,0,2008-12-31,ToBeDefined,,ToBeDefined,PLANET,PLANET,ToBeDefined,,ToBeDefined
26401,Rome ,Italy,INGEGNERIA,PRJ060,EVT+30Y,Manufacturing Vendor / Subcontractor Documentation,,,2141,Refinery Expansion - 2005 Specs,#N/A,ToBeDefined,2008-12-31,0,2008-12-31,ToBeDefined,,ToBeDefined,PLANET,PLANET,ToBeDefined,,ToBeDefined
26402,Rome ,Italy,INGEGNERIA,PRJ060,EVT+30Y,Manufacturing Vendor / Subcontractor Documentation,,,2141,Refinery Expansion - 2005 Specs,#N/A,ToBeDefined,2008-12-31,0,2008-12-31,ToBeDefined,,ToBeDefined,PLANET,PLANET,ToBeDefined,,ToBeDefined
26403,Rome ,Italy,INGEGNERIA,PRJ060,EVT+30Y,Manufacturing Vendor / Subcontractor Documentation,,,2141,Refinery Expansion - 2005 Specs,#N/A,ToBeDefined,2008-12-31,0,2008-12-31,ToBeDefined,,ToBeDefined,PLANET,PLANET,ToBeDefined,,ToBeDefined
26404,Rome ,Italy,INGEGNERIA,PRJ060,EVT+30Y,Manufacturing Vendor / Subcontractor Documentation,,,2141,Refinery Expansion - 2005 Specs,#N/A,ToBeDefined,2008-12-31,0,2008-12-31,ToBeDefined,,ToBeDefined,PLANET,PLANET,ToBeDefined,,ToBeDefined
26405,Rome ,Italy,INGEGNERIA,PRJ060,EVT+30Y,Manufacturing Vendor / Subcontractor Documentation,,,2141,Refinery Expansion - 2005 Specs,#N/A,ToBeDefined,2008-12-31,0,2008-12-31,ToBeDefined,,ToBeDefined,PLANET,PLANET,ToBeDefined,,ToBeDefined
26406,Rome ,Italy,INGEGNERIA,PRJ060,EVT+30Y,Manufacturing Vendor / Subcontractor Documentation,,,2141,Refinery Expansion - 2005 Specs,#N/A,ToBeDefined,2008-12-31,0,2008-12-31,ToBeDefined,,ToBeDefined,PLANET,PLANET,ToBeDefined,,ToBeDefined
26407,Rome ,Italy,INGEGNERIA,PRJ060,EVT+30Y,Manufacturing Vendor / Subcontractor Documentation,,,2141,Refinery Expansion - 2005 Specs,#N/A,ToBeDefined,2008-12-31,0,2008-12-31,ToBeDefined,,ToBeDefined,PLANET,PLANET,ToBeDefined,,ToBeDefined
26408,Rome ,Italy,INGEGNERIA,PRJ060,EVT+30Y,Manufacturing Vendor / Subcontractor Documentation,,,2141,Refinery Expansion - 2005 Specs,#N/A,ToBeDefined,2008-12-31,0,2008-12-31,ToBeDefined,,ToBeDefined,PLANET,PLANET,ToBeDefined,,ToBeDefined
26409,Rome ,Italy,INGEGNERIA,PRJ060,EVT+30Y,Manufacturing Vendor / Subcontractor Documentation,,,2141,Refinery Expansion - 2005 Specs,#N/A,ToBeDefined,2008-12-31,0,2008-12-31,ToBeDefined,,ToBeDefined,PLANET,PLANET,ToBeDefined,,ToBeDefined
26410,Rome ,Italy,INGEGNERIA,PRJ060,EVT+30Y,Manufacturing Vendor / Subcontractor Documentation,,,2141,Refinery Expansion - 2005 Specs,#N/A,ToBeDefined,2008-12-31,0,2008-12-31,ToBeDefined,,ToBeDefined,PLANET,PLANET,ToBeDefined,,ToBeDefined
26411,Rome ,Italy,INGEGNERIA,PRJ060,EVT+30Y,Manufacturing Vendor / Subcontractor Documentation,,,2141,Refinery Expansion - 2005 Specs,#N/A,ToBeDefined,2008-12-31,0,2008-12-31,ToBeDefined,,ToBeDefined,PLANET,PLANET,ToBeDefined,,ToBeDefined
26412,Rome ,Italy,INGEGNERIA,PRJ060,EVT+30Y,Manufacturing Vendor / Subcontractor Documentation,,,2141,Refinery Expansion - 2005 Specs,#N/A,ToBeDefined,2008-12-31,0,2008-12-31,ToBeDefined,,ToBeDefined,PLANET,PLANET,ToBeDefined,,ToBeDefined
26413,Rome ,Italy,INGEGNERIA,PRJ050,EVT+30Y,Manufacturing Quality Control Reports and Reviews,,,2141,Refinery Expansion - 2005 Specs,#N/A,Project Closed,2008-12-31,10950,2038-12-24,Confidential,,ToBeDefined,PLANET,PLANET,ToBeDefined,,ToBeDefined
26414,Rome ,Italy,INGEGNERIA,PRJ050,EVT+30Y,Manufacturing Quality Control Reports and Reviews,,,2141,Refinery Expansion - 2005 Specs,#N/A,Project Closed,2008-12-31,10950,2038-12-24,Confidential,,ToBeDefined,PLANET,PLANET,ToBeDefined,,ToBeDefined
26415,Rome ,Italy,INGEGNERIA,PRJ050,EVT+30Y,Manufacturing Quality Control Reports and Reviews,,,2141,Refinery Expansion - 2005 Specs,#N/A,Project Closed,2008-12-31,10950,2038-12-24,Confidential,,ToBeDefined,PLANET,PLANET,ToBeDefined,,ToBeDefined
26416,Rome ,Italy,INGEGNERIA,PRJ050,EVT+30Y,Manufacturing Quality Control Reports and Reviews,,,2141,Refinery Expansion - 2005 Specs,#N/A,Project Closed,2008-12-31,10950,2038-12-24,Confidential,,ToBeDefined,PLANET,PLANET,ToBeDefined,,ToBeDefined
26417,Rome ,Italy,INGEGNERIA,PRJ050,EVT+30Y,Manufacturing Quality Control Reports and Reviews,,,2141,Refinery Expansion - 2005 Specs,#N/A,Project Closed,2008-12-31,10950,2038-12-24,Confidential,,ToBeDefined,PLANET,PLANET,ToBeDefined,,ToBeDefined
26418,Rome ,Italy,INGEGNERIA,PRJ050,EVT+30Y,Manufacturing Quality Control Reports and Reviews,,,2141,Refinery Expansion - 2005 Specs,#N/A,Project Closed,2008-12-31,10950,2038-12-24,Confidential,,ToBeDefined,PLANET,PLANET,ToBeDefined,,ToBeDefined
26419,Rome ,Italy,INGEGNERIA,PRJ050,EVT+30Y,Manufacturing Quality Control Reports and Reviews,,,2141,Refinery Expansion - 2005 Specs,#N/A,Project Closed,2008-12-31,10950,2038-12-24,Confidential,,ToBeDefined,PLANET,PLANET,ToBeDefined,,ToBeDefined
26420,Rome ,Italy,INGEGNERIA,PRJ050,EVT+30Y,Manufacturing Quality Control Reports and Reviews,,,2141,Refinery Expansion - 2005 Specs,#N/A,Project Closed,2008-12-31,10950,2038-12-24,Confidential,,ToBeDefined,PLANET,PLANET,ToBeDefined,,ToBeDefined
26421,Rome ,Italy,INGEGNERIA,PRJ050,EVT+30Y,Manufacturing Quality Control Reports and Reviews,,,2141,Refinery Expansion - 2005 Specs,#N/A,Project Closed,2008-12-31,10950,2038-12-24,Confidential,,ToBeDefined,PLANET,PLANET,ToBeDefined,,ToBeDefined
26422,Rome ,Italy,INGEGNERIA,PRJ050,EVT+30Y,Manufacturing Quality Control Reports and Reviews,,,2141,Refinery Expansion - 2005 Specs,#N/A,Project Closed,2008-12-31,10950,2038-12-24,Confidential,,ToBeDefined,PLANET,PLANET,ToBeDefined,,ToBeDefined
26423,Rome ,Italy,INGEGNERIA,PRJ050,EVT+30Y,Manufacturing Quality Control Reports and Reviews,,,2141,Refinery Expansion - 2005 Specs,#N/A,Project Closed,2008-12-31,10950,2038-12-24,Confidential,,ToBeDefined,PLANET,PLANET,ToBeDefined,,ToBeDefined
26424,Rome ,Italy,INGEGNERIA,PRJ050,EVT+30Y,Manufacturing Quality Control Reports and Reviews,,,2141,Refinery Expansion - 2005 Specs,#N/A,Project Closed,2008-12-31,10950,2038-12-24,Confidential,,ToBeDefined,PLANET,PLANET,ToBeDefined,,ToBeDefined
26425,Rome ,Italy,INGEGNERIA,PRJ050,EVT+30Y,Manufacturing Quality Control Reports and Reviews,,,2141,Refinery Expansion - 2005 Specs,#N/A,Project Closed,2008-12-31,10950,2038-12-24,Confidential,,ToBeDefined,PLANET,PLANET,ToBeDefined,,ToBeDefined
26426,Rome ,Italy,INGEGNERIA,PRJ050,EVT+30Y,Manufacturing Quality Control Reports and Reviews,,,2141,Refinery Expansion - 2005 Specs,#N/A,Project Closed,2008-12-31,10950,2038-12-24,Confidential,,ToBeDefined,PLANET,PLANET,ToBeDefined,,ToBeDefined
26427,Rome ,Italy,INGEGNERIA,PRJ050,EVT+30Y,Manufacturing Quality Control Reports and Reviews,,,2141,Refinery Expansion - 2005 Specs,#N/A,Project Closed,2008-12-31,10950,2038-12-24,Confidential,,ToBeDefined,PLANET,PLANET,ToBeDefined,,ToBeDefined
26428,Rome ,Italy,INGEGNERIA,PRJ050,EVT+30Y,Manufacturing Quality Control Reports and Reviews,,,2141,Refinery Expansion - 2005 Specs,#N/A,Project Closed,2008-12-31,10950,2038-12-24,Confidential,,ToBeDefined,PLANET,PLANET,ToBeDefined,,ToBeDefined
26429,Rome ,Italy,INGEGNERIA,PRJ050,EVT+30Y,Manufacturing Quality Control Reports and Reviews,,,2141,Refinery Expansion - 2005 Specs,#N/A,Project Closed,2008-12-31,10950,2038-12-24,Confidential,,ToBeDefined,PLANET,PLANET,ToBeDefined,,ToBeDefined
